chlorides,density,sulphates
0.045,1.001,0.45
0.049,0.994,0.49
0.05,0.9951,0.44
0.058,0.9956,0.4
0.058,0.9956,0.4
0.05,0.9951,0.44
0.045,0.9949,0.47
0.045,1.001,0.45
0.049,0.994,0.49
0.044,0.9938,0.45
0.033,0.9908,0.56
0.035,0.9947,0.53
0.04,0.992,0.63
0.044,0.9912,0.52
0.04,1.0002,0.67
0.032,0.9914,0.55
0.046,0.9928,0.36
0.029,0.9892,0.39
0.033,0.9917,0.53
0.044,0.9955,0.5
0.029,0.9892,0.39
0.038,0.9912,0.35
0.049,0.993,0.48
0.074,0.9937,0.51
0.052,0.9951,0.47
0.046,0.9955,0.5
0.052,0.993,0.44
0.051,0.9961,0.53
0.047,0.9914,0.49
0.033,0.9906,0.71
0.044,0.9974,0.53
0.042,0.9934,0.4
0.05,0.992,0.44
0.045,0.9939,0.51
0.044,0.9962,0.37
0.08,0.9905,0.42
0.051,0.9934,0.35
0.053,0.9906,0.28
0.057,0.9999,0.36
0.057,0.9999,0.36
0.172,0.9937,0.36
0.173,0.9937,0.34
0.069,0.9954,0.46
0.057,0.9934,0.56
0.06,0.9934,0.56
0.058,0.9931,0.53
0.063,0.994,0.52
0.066,0.9939,0.52
0.069,0.9954,0.46
0.067,0.995,0.48
0.062,0.9917,0.44
0.068,0.9914,0.58
0.057,0.991,0.46
0.045,0.9911,0.35
0.147,0.993,0.38
0.039,0.9908,0.52
0.043,0.9962,0.5
0.048,0.9972,0.36
0.044,0.9931,0.38
0.038,0.9926,0.34
0.092,0.9951,0.46
0.048,0.9972,0.36
0.035,0.991,0.34
0.044,0.9931,0.38
0.038,0.9927,0.46
0.064,0.9934,0.54
0.04,0.9903,0.49
0.041,0.992,0.42
0.046,0.9926,0.64
0.05,0.9962,0.35
0.056,0.9956,0.51
0.061,0.9958,0.6
0.063,0.9964,0.71
0.054,0.9941,0.49
0.046,0.9926,0.64
0.05,0.9962,0.35
0.043,0.9898,0.37
0.042,0.9912,0.65
0.064,0.9961,0.56
0.06,0.9949,0.37
0.053,0.9929,0.77
0.05,0.9985,0.6
0.063,0.9946,0.42
0.047,0.9966,0.46
0.045,0.9974,0.45
0.044,0.9975,0.46
0.044,0.9974,0.44
0.05,0.9972,0.48
0.045,0.9974,0.45
0.044,0.9975,0.46
0.044,0.9974,0.44
0.049,0.9957,0.47
0.035,0.99,0.4
0.034,0.9899,0.41
0.04,0.9916,0.44
0.044,0.9969,0.42
0.046,0.9979,0.5
0.034,0.9913,0.36
0.038,0.9956,0.3
0.046,0.9979,0.5
0.06,0.9975,0.44
0.054,0.9962,0.41
0.05,0.997,0.39
0.059,1,0.46
0.06,0.9975,0.44
0.051,0.9974,0.35
0.054,0.9962,0.41
0.04,0.999,0.59
0.04,0.999,0.59
0.051,0.9927,0.6
0.082,0.9959,0.39
0.052,1,0.52
0.056,0.9982,0.47
0.049,0.9968,0.51
0.049,0.9968,0.51
0.065,0.994,0.4
0.041,0.9914,0.44
0.035,0.9911,0.42
0.056,0.9982,0.47
0.06,0.9982,0.5
0.046,0.9934,0.51
0.054,0.9984,0.54
0.059,0.9952,0.34
0.058,0.9952,0.36
0.092,0.9928,0.36
0.026,0.9912,0.48
0.033,0.994,0.42
0.038,0.9958,0.54
0.044,0.9924,0.57
0.046,0.9924,0.57
0.02,0.994,0.37
0.038,0.9958,0.54
0.038,0.9979,0.57
0.035,0.9982,0.51
0.034,0.9961,0.52
0.036,0.9979,0.56
0.027,0.992,0.38
0.045,0.9975,0.44
0.035,0.9917,0.54
0.029,0.9923,0.52
0.045,0.9927,0.43
0.045,0.9975,0.44
0.039,0.992,0.54
0.036,0.9947,0.53
0.037,0.9921,0.54
0.04,0.9905,0.39
0.044,0.9918,0.37
0.058,0.9951,0.36
0.034,0.9917,0.58
0.054,0.994,0.38
0.043,0.9934,0.32
0.055,0.9968,0.43
0.054,0.994,0.38
0.048,0.9919,0.45
0.049,0.9966,0.84
0.066,0.9979,0.42
0.066,0.9979,0.42
0.036,0.9898,0.42
0.036,0.9894,0.33
0.036,0.9894,0.33
0.036,0.9898,0.42
0.055,0.998,0.4
0.049,0.9932,0.39
0.066,0.9979,0.42
0.05,0.997,0.5
0.051,0.9972,0.49
0.048,0.9974,0.59
0.034,0.9896,0.44
0.055,0.9968,0.54
0.034,0.9958,0.29
0.066,0.9906,0.54
0.045,0.9917,0.39
0.037,0.9902,0.39
0.038,0.9918,0.33
0.051,0.999,0.64
0.04,0.9927,0.27
0.044,0.991,0.41
0.054,0.9972,0.39
0.06,0.9931,0.35
0.049,0.995,0.68
0.048,0.9951,0.66
0.053,0.9936,0.43
0.048,1.001,0.5
0.05,0.9979,0.58
0.043,0.997,0.63
0.043,0.9972,0.63
0.04,0.9954,0.61
0.038,0.9924,0.5
0.034,0.9906,0.57
0.047,0.9962,0.54
0.052,0.9962,0.55
0.048,1.001,0.5
0.045,0.9928,0.37
0.055,0.9942,0.42
0.2,0.9942,0.41
0.197,0.9942,0.39
0.197,0.9942,0.38
0.052,0.9961,0.47
0.05,0.998,0.49
0.052,0.9961,0.47
0.049,0.9984,0.5
0.05,0.998,0.49
0.05,0.9973,0.5
0.034,0.9949,0.53
0.053,0.9924,0.5
0.042,0.9972,0.43
0.045,0.9958,0.34
0.049,0.9968,0.51
0.04,0.9938,0.74
0.048,0.993,0.77
0.032,0.994,0.34
0.038,0.9918,0.59
0.045,0.9958,0.34
0.051,0.9944,0.37
0.03,0.9912,0.44
0.044,0.9961,0.38
0.036,0.9939,0.33
0.044,0.9961,0.38
0.044,0.9989,0.44
0.036,0.9938,0.32
0.036,0.9939,0.33
0.07,0.9971,0.55
0.03,0.9912,0.44
0.043,0.9936,0.39
0.046,0.9929,0.54
0.046,0.9998,0.39
0.048,0.9938,0.5
0.041,0.9969,0.52
0.048,0.9938,0.5
0.046,0.9998,0.39
0.062,0.9972,0.46
0.041,0.9976,0.51
0.039,0.9976,0.51
0.058,0.9979,0.44
0.058,0.9979,0.44
0.058,0.9979,0.44
0.058,0.9979,0.44
0.044,0.9972,0.5
0.037,0.9918,0.41
0.039,0.9982,0.64
0.05,0.9985,0.46
0.031,0.9944,0.5
0.026,0.9903,0.38
0.047,0.9934,0.58
0.043,0.9975,0.46
0.038,0.9923,0.79
0.03,0.99,0.61
0.031,0.9905,0.36
0.03,0.9905,0.37
0.037,0.996,0.45
0.053,0.9964,0.7
0.074,0.998,0.5
0.043,0.9975,0.46
0.029,0.9913,0.43
0.054,0.9932,0.52
0.04,0.9935,0.58
0.035,0.9927,0.41
0.035,0.9927,0.41
0.032,0.9912,0.5
0.037,0.9904,0.34
0.048,0.9939,0.42
0.043,0.9996,0.47
0.036,0.9944,0.33
0.045,0.9977,0.59
0.038,0.9912,0.48
0.043,0.9996,0.47
0.053,0.9965,0.51
0.043,0.9944,0.57
0.044,0.9945,0.57
0.045,0.9944,0.57
0.053,0.9965,0.51
0.044,0.9944,0.58
0.051,0.9972,0.38
0.057,0.9949,0.38
0.046,0.9966,0.61
0.046,0.9954,0.57
0.044,0.9954,0.58
0.042,0.9915,0.5
0.044,0.9919,0.47
0.036,0.9916,0.68
0.034,0.99,0.38
0.039,0.9909,0.6
0.047,0.9938,0.65
0.054,0.9982,0.49
0.055,0.9988,0.49
0.056,0.9961,0.47
0.053,0.9978,0.51
0.058,0.9979,0.48
0.058,0.9979,0.48
0.058,0.9979,0.48
0.058,0.9979,0.48
0.041,0.9945,0.46
0.066,1,0.44
0.041,0.9957,0.64
0.066,0.9968,0.38
0.046,0.9934,0.54
0.045,0.9976,0.57
0.041,0.9932,0.6
0.046,0.997,0.45
0.043,0.9923,0.45
0.063,0.9914,0.67
0.05,0.992,0.38
0.063,0.9914,0.67
0.055,0.9914,0.43
0.057,0.9949,0.41
0.057,0.9949,0.41
0.058,0.995,0.41
0.058,0.995,0.41
0.036,0.9927,0.42
0.037,0.9928,0.41
0.035,0.9917,0.71
0.032,0.9918,0.51
0.042,0.9954,0.45
0.038,0.9941,0.63
0.04,0.9941,0.62
0.132,0.9934,0.44
0.031,0.9927,0.38
0.031,0.9938,0.37
0.03,0.9933,0.43
0.04,0.9934,0.59
0.041,0.9927,0.61
0.031,0.9938,0.37
0.031,0.9927,0.38
0.031,0.9946,0.36
0.046,0.993,0.55
0.057,0.9946,0.59
0.04,0.9976,0.6
0.039,0.9944,0.65
0.042,0.9978,0.5
0.036,0.992,0.51
0.03,0.9912,0.6
0.032,0.9927,0.39
0.033,0.9906,0.4
0.038,0.9954,0.44
0.031,0.9923,0.38
0.033,0.9906,0.4
0.036,0.991,0.42
0.045,0.9972,0.42
0.047,0.9945,0.53
0.049,0.9934,0.85
0.045,0.9964,0.55
0.047,0.9948,0.54
0.044,0.9962,0.47
0.053,0.9931,0.76
0.052,0.993,0.75
0.05,0.9942,0.4
0.031,0.9906,0.51
0.056,0.9995,0.44
0.052,0.998,0.5
0.054,0.997,0.47
0.044,0.9914,0.74
0.038,0.992,0.3
0.071,0.9924,0.51
0.038,0.992,0.3
0.047,0.9937,0.57
0.063,0.9978,0.38
0.063,0.9978,0.38
0.05,0.9927,0.78
0.05,0.994,0.42
0.04,0.9935,0.59
0.047,0.9968,0.5
0.055,0.9941,0.43
0.05,0.9942,0.39
0.063,0.9978,0.38
0.037,0.9923,0.42
0.028,0.9912,0.71
0.089,0.9923,0.62
0.053,0.9927,0.45
0.049,0.9931,0.64
0.044,0.9941,0.29
0.053,0.9927,0.45
0.049,0.9931,0.64
0.048,0.9934,0.56
0.048,0.9936,0.51
0.027,0.9893,0.38
0.027,0.9893,0.38
0.037,0.9919,0.51
0.045,0.9924,0.46
0.049,0.9927,0.64
0.037,0.9919,0.51
0.045,0.9924,0.46
0.046,0.9975,0.52
0.051,0.9969,0.53
0.048,0.9936,0.51
0.027,0.991,0.39
0.027,0.9893,0.38
0.026,0.9906,0.39
0.04,0.9941,0.66
0.047,0.995,0.46
0.032,0.9983,0.61
0.032,0.9983,0.61
0.031,0.9916,0.46
0.031,0.9957,0.47
0.021,0.99,0.56
0.044,0.9976,0.44
0.04,0.992,0.41
0.031,0.9917,0.39
0.037,0.9917,0.5
0.048,0.9993,0.44
0.032,0.9908,0.41
0.037,0.9917,0.5
0.044,0.9976,0.44
0.069,0.9934,0.52
0.046,1,0.56
0.035,0.9918,0.66
0.04,0.992,0.41
0.031,0.9896,0.39
0.049,0.9932,0.51
0.044,0.992,0.53
0.031,0.9917,0.39
0.038,0.9999,0.47
0.04,0.998,0.79
0.036,0.9918,0.5
0.036,0.9918,0.5
0.038,0.9999,0.47
0.04,0.998,0.79
0.041,0.9927,0.33
0.047,0.9959,0.47
0.041,0.9927,0.33
0.05,0.9929,0.56
0.03,0.9898,0.37
0.045,0.9954,0.54
0.045,0.9954,0.54
0.045,0.9954,0.54
0.047,0.9954,0.52
0.045,0.9954,0.54
0.045,0.9954,0.54
0.053,0.9974,0.45
0.051,0.9936,0.46
0.056,0.9978,0.49
0.053,0.9974,0.45
0.048,0.9927,0.38
0.045,0.9934,0.61
0.108,0.9938,0.57
0.028,0.9922,0.47
0.027,0.992,0.49
0.042,0.9935,0.6
0.035,0.9906,0.64
0.045,0.9934,0.61
0.06,0.9934,0.54
0.028,0.9913,0.59
0.033,0.9938,0.69
0.026,0.9898,0.65
0.048,0.9975,0.54
0.031,0.9975,0.33
0.038,0.9937,0.4
0.054,0.9914,0.42
0.048,0.9982,0.53
0.048,0.9982,0.53
0.052,0.9929,0.56
0.07,0.9971,0.54
0.038,0.9921,0.44
0.042,0.9931,0.51
0.046,0.9924,0.51
0.052,0.9929,0.56
0.048,0.9982,0.53
0.022,0.9892,0.4
0.056,0.9956,0.52
0.053,0.9924,0.72
0.059,0.9971,0.5
0.056,0.9956,0.52
0.047,0.9982,0.45
0.047,0.9973,0.38
0.044,0.9932,0.39
0.047,0.9976,0.5
0.081,0.9962,0.46
0.039,0.9956,0.43
0.044,0.9932,0.39
0.047,0.9976,0.5
0.047,0.9992,0.52
0.039,0.9983,0.73
0.036,0.9937,0.76
0.023,0.99,0.45
0.034,0.9944,0.48
0.03,0.9938,0.36
0.029,0.9965,0.61
0.028,0.9893,0.39
0.037,0.9927,0.55
0.073,0.994,0.58
0.041,0.9928,0.56
0.043,0.9964,0.6
0.047,0.9917,0.51
0.044,0.9972,0.42
0.043,0.9964,0.6
0.346,0.9954,0.58
0.028,0.993,0.54
0.025,0.9928,0.51
0.035,0.9916,0.42
0.045,0.9936,0.68
0.047,0.9962,0.45
0.035,0.9899,0.46
0.032,0.9898,0.4
0.039,0.996,0.46
0.022,0.9907,0.64
0.04,0.994,0.58
0.025,0.9913,0.48
0.041,0.9976,0.49
0.026,0.9904,0.54
0.04,0.992,0.66
0.041,0.9976,0.49
0.045,0.999,0.49
0.038,0.9975,0.48
0.038,0.9937,0.62
0.037,0.9937,0.62
0.053,0.998,0.53
0.053,0.998,0.53
0.09,0.9944,0.52
0.048,0.9938,0.54
0.039,0.9907,0.44
0.048,0.9938,0.54
0.041,0.9921,0.42
0.042,0.9908,0.41
0.04,0.9931,0.59
0.025,0.9915,0.33
0.036,0.9952,0.39
0.051,0.9926,0.47
0.055,0.9934,0.45
0.045,0.992,0.6
0.05,0.9918,0.64
0.048,0.9942,0.4
0.039,0.9942,0.74
0.039,0.9942,0.74
0.038,0.9901,0.39
0.033,0.9898,0.38
0.038,0.9902,0.34
0.114,0.9934,0.45
0.04,0.9906,0.53
0.034,0.9898,0.44
0.031,0.9896,0.35
0.03,0.9922,0.45
0.048,0.9947,0.79
0.186,0.9945,0.4
0.067,0.9976,0.48
0.067,0.9976,0.48
0.067,0.9976,0.48
0.047,0.9987,0.51
0.047,0.9987,0.51
0.067,0.9976,0.48
0.045,0.992,0.54
0.053,0.9955,0.67
0.04,0.9953,0.55
0.05,0.9976,0.42
0.045,0.992,0.68
0.036,0.9952,0.62
0.047,0.9983,0.51
0.04,0.9933,0.58
0.039,0.9958,0.64
0.052,0.9922,0.49
0.044,0.9928,0.5
0.05,0.9976,0.42
0.05,0.9976,0.52
0.026,0.9916,0.37
0.028,0.9901,0.38
0.05,0.9976,0.52
0.028,0.9901,0.38
0.026,0.9916,0.37
0.046,0.9982,0.65
0.049,0.993,0.5
0.044,0.9969,0.39
0.047,0.991,0.76
0.049,0.9953,0.74
0.057,0.9924,0.48
0.063,0.9969,0.63
0.046,0.9928,0.77
0.066,0.9945,0.42
0.059,0.9967,0.47
0.051,0.9944,0.39
0.048,0.9928,0.61
0.05,0.9929,0.6
0.04,0.9948,0.69
0.051,0.9976,0.46
0.038,0.9912,0.41
0.047,0.9987,0.56
0.032,0.99,0.39
0.035,0.991,0.44
0.047,0.9933,0.5
0.047,0.9933,0.5
0.033,0.9899,0.38
0.038,0.9912,0.41
0.034,0.9912,0.38
0.051,0.9976,0.46
0.042,0.994,0.39
0.056,0.9947,0.35
0.042,0.9954,0.36
0.046,0.993,0.51
0.042,0.9954,0.36
0.049,0.9963,0.48
0.034,0.992,0.5
0.036,0.9926,0.49
0.04,0.995,0.58
0.059,0.9983,0.44
0.037,0.992,0.49
0.043,0.9968,0.52
0.03,0.9905,0.28
0.03,0.9904,0.29
0.051,0.9926,0.5
0.043,0.9968,0.52
0.034,0.9928,0.44
0.036,0.9949,0.48
0.036,0.9909,0.68
0.18,0.9937,0.54
0.045,0.9914,0.38
0.03,0.9905,0.28
0.03,0.9904,0.29
0.052,0.9924,0.61
0.052,0.9924,0.61
0.049,0.9965,0.38
0.049,0.9965,0.38
0.044,0.9993,0.48
0.061,0.9965,0.69
0.037,0.9908,0.65
0.032,0.992,0.39
0.047,0.9978,0.38
0.045,0.9978,0.36
0.045,0.9978,0.36
0.047,0.9978,0.38
0.037,0.9912,0.65
0.051,0.9928,0.5
0.051,0.9928,0.5
0.057,0.993,0.5
0.084,0.9993,0.58
0.083,0.9965,0.5
0.043,0.9937,0.6
0.045,0.9913,0.51
0.066,0.9934,0.55
0.039,0.9952,0.46
0.096,0.9983,0.45
0.048,0.9957,0.62
0.048,0.9957,0.62
0.036,0.9916,0.6
0.05,0.9999,0.42
0.05,0.9999,0.42
0.04,0.9936,0.64
0.045,0.9972,0.42
0.033,0.9933,0.49
0.027,0.9934,0.51
0.037,0.9931,0.46
0.053,0.9976,0.62
0.046,0.9937,0.71
0.046,0.9937,0.71
0.047,0.991,0.5
0.054,0.9979,0.43
0.046,0.9971,0.5
0.05,0.9969,0.45
0.051,0.9968,0.45
0.058,0.9961,0.41
0.061,0.993,0.57
0.05,0.9973,0.37
0.041,0.9944,0.72
0.067,0.9986,0.53
0.067,0.9986,0.53
0.067,0.9986,0.53
0.067,0.9986,0.53
0.053,0.9972,0.45
0.048,0.9917,0.75
0.03,0.992,0.42
0.028,0.9932,0.4
0.05,0.9936,0.44
0.052,0.9915,0.4
0.038,0.9922,0.47
0.049,0.9934,0.38
0.032,0.9952,0.5
0.094,0.9972,0.47
0.049,0.9934,0.38
0.052,0.9958,0.52
0.056,0.9944,0.48
0.036,0.9908,0.72
0.052,0.9958,0.52
0.047,0.9925,0.46
0.047,0.9966,0.57
0.058,0.9972,0.55
0.038,0.9912,0.57
0.039,0.995,0.5
0.038,0.9928,0.63
0.047,0.9968,0.6
0.056,0.9955,0.4
0.057,0.9981,0.41
0.033,0.991,0.42
0.033,0.991,0.42
0.033,0.991,0.42
0.043,0.992,0.39
0.058,0.9931,0.47
0.052,0.997,0.44
0.24,0.9948,0.48
0.052,0.9923,0.42
0.051,0.9976,0.46
0.043,0.9938,0.53
0.29,0.9984,0.67
0.044,0.9972,0.5
0.039,0.9922,0.6
0.043,0.9935,0.6
0.037,0.9944,0.62
0.036,0.9942,0.62
0.036,0.9944,0.63
0.041,0.9997,0.66
0.047,0.9977,0.46
0.022,0.9912,0.57
0.039,0.9982,0.6
0.039,0.9982,0.6
0.042,0.9983,0.59
0.042,0.998,0.64
0.03,0.9894,0.78
0.042,0.9927,0.45
0.038,0.9917,0.42
0.037,0.9904,0.5
0.032,0.993,0.34
0.041,0.9941,0.6
0.046,0.9943,0.62
0.05,0.99855,0.48
0.044,0.99345,0.46
0.046,0.998,0.45
0.035,0.9916,0.5
0.035,0.9916,0.5
0.04,0.99475,0.43
0.038,0.99325,0.5
0.038,0.9933,0.71
0.048,0.9969,0.61
0.042,1.0002,0.5
0.038,0.9933,0.71
0.042,0.9937,0.5
0.053,0.99685,0.45
0.046,0.99455,0.52
0.032,0.9917,0.47
0.02,0.99035,0.44
0.028,0.9914,0.39
0.041,0.99225,0.46
0.038,0.99155,0.66
0.057,0.9954,0.59
0.043,0.99455,0.47
0.185,0.9924,0.62
0.042,0.99695,0.56
0.044,0.99655,0.47
0.022,0.9934,0.33
0.052,0.998,0.5
0.04,0.9971,0.61
0.038,0.9948,0.49
0.052,0.998,0.5
0.04,0.9971,0.61
0.021,0.99215,0.39
0.038,0.9948,0.49
0.022,0.9915,0.37
0.031,0.99115,0.55
0.03,0.9932,0.61
0.034,0.9977,0.43
0.041,0.99535,0.43
0.022,0.99165,0.55
0.033,0.9953,0.56
0.024,0.9928,0.32
0.049,0.9958,0.54
0.025,0.9928,0.32
0.024,0.9928,0.32
0.036,0.9964,0.55
0.038,0.9987,0.5
0.033,0.9953,0.56
0.11,0.9932,0.5
0.032,0.9907,0.48
0.056,0.99755,0.43
0.051,0.99935,0.85
0.051,0.9932,0.96
0.047,0.9932,0.97
0.049,0.9958,0.54
0.05,0.99585,0.54
0.057,1.00055,0.56
0.039,0.9985,0.57
0.042,0.99505,0.69
0.05,0.992,0.46
0.078,0.9988,0.44
0.028,0.99175,0.6
0.043,0.9962,0.4
0.043,0.9962,0.4
0.045,0.9942,0.46
0.13,0.9927,0.39
0.135,0.9927,0.39
0.039,0.99985,0.45
0.035,0.997,0.46
0.115,0.9918,0.58
0.039,0.99215,0.56
0.052,0.99865,0.53
0.053,0.9992,0.82
0.053,1.0006,0.75
0.042,0.99135,0.38
0.056,0.99715,0.61
0.053,0.9992,0.82
0.053,1.0006,0.75
0.052,0.99865,0.53
0.039,0.99815,0.3
0.04,0.99815,0.29
0.04,0.99815,0.29
0.037,0.9949,0.45
0.039,0.99815,0.3
0.04,0.99815,0.29
0.033,0.99225,0.69
0.046,0.99445,0.56
0.033,0.99225,0.69
0.049,0.99335,0.52
0.05,0.99625,0.43
0.054,0.9971,0.58
0.046,0.9983,0.77
0.041,0.99445,0.4
0.036,0.99085,0.58
0.036,0.9977,0.41
0.048,0.9953,0.47
0.044,0.99775,0.53
0.039,0.99795,0.44
0.032,0.99505,0.46
0.036,0.9977,0.41
0.046,0.9975,0.41
0.046,0.99745,0.41
0.046,0.9976,0.38
0.046,0.99775,0.43
0.048,0.9953,0.47
0.063,0.9932,0.56
0.055,0.99405,0.5
0.045,1,0.46
0.072,0.99785,0.59
0.04,0.9939,0.46
0.036,0.9939,0.52
0.034,0.99675,0.51
0.04,0.9939,0.46
0.034,0.99675,0.51
0.021,0.98965,0.61
0.071,0.9971,0.58
0.053,0.99445,0.43
0.047,0.9945,0.43
0.036,0.9939,0.52
0.042,0.9958,0.56
0.046,0.9956,0.59
0.031,0.99055,0.48
0.044,0.9959,0.44
0.043,0.9925,0.42
0.06,0.9963,0.69
0.037,0.9935,0.62
0.044,0.99105,0.53
0.035,0.99045,0.44
0.06,0.9963,0.69
0.04,0.99155,0.45
0.034,0.99085,0.4
0.034,0.99085,0.4
0.034,0.99085,0.4
0.034,0.9924,0.39
0.036,0.9924,0.39
0.044,0.99975,0.47
0.044,0.99975,0.47
0.036,0.99315,0.54
0.034,0.9917,0.5
0.034,0.9917,0.5
0.035,0.99845,0.4
0.026,0.9921,0.39
0.044,0.99975,0.47
0.03,0.9909,0.47
0.036,0.99315,0.54
0.042,0.99855,0.54
0.036,0.9934,0.95
0.039,0.9978,0.49
0.036,0.9934,0.95
0.038,0.9949,0.77
0.042,0.99855,0.54
0.042,0.9986,0.52
0.038,0.99725,0.54
0.17,0.9946,0.47
0.03,0.99255,0.63
0.041,0.9996,0.75
0.028,0.9939,0.61
0.029,0.99,0.5
0.028,0.9937,0.61
0.021,0.9886,0.3
0.036,0.9934,0.95
0.042,1,0.76
0.04,0.9994,0.82
0.037,0.9926,0.7
0.08,0.9956,0.48
0.039,0.9978,0.49
0.03,0.9915,0.34
0.037,0.9939,0.28
0.029,0.9932,0.39
0.037,0.993,0.57
0.018,0.9898,0.36
0.119,0.9921,0.38
0.126,0.9932,0.37
0.037,0.9919,0.82
0.037,0.993,0.57
0.04,0.9953,0.48
0.022,0.9928,0.55
0.022,0.9928,0.55
0.035,0.9976,0.52
0.024,0.9906,0.67
0.04,0.9918,0.51
0.044,0.99185,0.68
0.04,0.9918,0.51
0.044,0.99185,0.68
0.046,0.994,0.63
0.031,0.9908,0.4
0.036,0.9928,0.48
0.037,0.9896,0.36
0.031,0.9908,0.4
0.043,0.9918,0.53
0.047,0.9952,0.53
0.044,0.9923,0.46
0.039,0.9915,0.49
0.047,0.9952,0.53
0.052,0.9947,0.56
0.046,0.9983,0.37
0.048,0.9975,0.4
0.047,0.995,0.39
0.056,0.9944,0.47
0.047,0.994,0.65
0.048,0.9944,0.61
0.036,0.9908,0.43
0.054,0.99795,0.47
0.049,0.9985,0.53
0.04,0.99425,0.63
0.042,0.99425,0.63
0.041,0.9943,0.63
0.038,0.9924,0.35
0.05,0.9946,0.37
0.038,0.9924,0.35
0.042,0.995,0.56
0.037,0.9919,0.33
0.031,0.99,0.39
0.04,0.9923,0.32
0.057,0.9956,0.44
0.036,0.9978,0.44
0.036,0.9978,0.44
0.044,0.9967,0.43
0.044,0.9934,0.49
0.047,0.9936,0.43
0.042,0.9932,0.38
0.057,0.9934,0.48
0.055,0.998,0.47
0.044,0.9978,0.51
0.017,0.9929,0.4
0.033,0.9974,0.38
0.046,0.99685,0.41
0.037,0.99495,0.41
0.039,0.99745,0.38
0.041,0.99505,0.4
0.048,0.992,0.41
0.044,0.9978,0.51
0.044,0.9956,0.55
0.044,0.9982,0.47
0.034,0.99485,0.6
0.037,0.9971,0.53
0.039,0.99265,0.41
0.03,0.9904,0.38
0.051,0.9965,0.44
0.058,0.9946,0.44
0.047,0.99965,0.43
0.039,0.9935,0.36
0.048,0.996,0.52
0.034,0.9942,0.46
0.043,0.9936,0.38
0.035,0.9965,0.49
0.028,0.9928,0.55
0.042,0.9928,0.36
0.035,0.9965,0.49
0.043,0.9936,0.38
0.042,0.9938,0.38
0.041,0.9926,0.54
0.039,0.9926,0.54
0.05,0.9983,0.42
0.05,0.9983,0.42
0.037,0.992,0.57
0.05,0.9983,0.42
0.023,0.9923,0.51
0.034,0.9972,0.43
0.035,0.9928,0.36
0.041,0.9928,0.37
0.039,0.9994,0.42
0.028,0.991,0.7
0.019,0.9906,0.51
0.017,0.9894,0.36
0.02,0.9898,0.47
0.039,0.9994,0.42
0.028,0.991,0.7
0.046,0.9925,0.9
0.054,0.9956,0.49
0.058,0.9946,0.45
0.05,0.9966,0.49
0.037,0.9951,0.62
0.15,0.9927,0.47
0.152,0.9927,0.46
0.037,0.9951,0.62
0.027,0.9894,0.45
0.026,0.9907,0.45
0.043,0.9925,0.52
0.05,0.9928,0.52
0.054,0.9941,0.48
0.053,0.9941,0.45
0.043,0.9925,0.52
0.036,0.9935,0.38
0.04,0.9932,0.39
0.046,0.9944,0.62
0.049,0.9972,0.39
0.046,0.994,0.47
0.04,0.9956,0.55
0.046,0.9927,0.45
0.046,0.9924,0.63
0.062,0.9966,0.47
0.056,0.9997,0.5
0.046,0.9936,0.54
0.05,0.9936,0.45
0.045,0.9952,0.46
0.045,0.9952,0.45
0.063,0.9928,0.48
0.038,0.9911,0.55
0.044,0.993,0.64
0.038,0.9911,0.55
0.052,0.9932,0.43
0.059,0.993,0.55
0.055,0.993,0.39
0.043,0.9932,0.75
0.048,0.9932,0.66
0.057,0.9943,0.41
0.048,0.9968,0.5
0.064,0.9994,0.43
0.036,0.9926,0.29
0.071,0.9968,0.88
0.043,0.9932,0.75
0.045,0.9916,0.31
0.049,0.9946,0.62
0.041,0.9925,0.49
0.041,0.9925,0.49
0.019,0.9935,0.37
0.06,0.9962,0.38
0.088,0.9928,0.7
0.039,0.993,0.51
0.042,0.993,0.51
0.04,0.9956,0.3
0.052,0.9941,0.59
0.05,0.9972,0.57
0.054,0.9948,0.62
0.047,0.9955,0.62
0.055,0.9972,0.64
0.055,0.9972,0.64
0.244,0.9983,0.74
0.04,0.9942,0.67
0.06,0.9936,0.88
0.044,0.9956,0.56
0.034,0.9953,0.52
0.035,0.9918,0.74
0.047,0.995,0.71
0.039,0.992,0.56
0.043,0.9952,0.45
0.048,1.001,0.4
0.049,0.9924,0.48
0.05,0.9932,0.45
0.046,0.9937,0.45
0.029,0.9918,0.43
0.038,0.9934,0.43
0.035,0.991,0.62
0.048,0.9962,0.54
0.137,0.9932,0.39
0.035,0.9908,0.39
0.05,0.9962,0.69
0.029,0.9918,0.43
0.049,0.9941,0.44
0.06,0.9931,0.47
0.093,0.9981,0.47
0.06,0.9931,0.47
0.077,0.9944,0.54
0.054,0.992,0.72
0.07,0.9966,0.55
0.079,0.9956,0.68
0.073,0.9956,0.67
0.072,0.9949,0.7
0.054,1.0002,0.5
0.048,0.9942,0.45
0.037,0.9923,0.49
0.024,0.9917,0.4
0.031,0.9931,0.56
0.04,0.992,0.55
0.054,1.0002,0.5
0.036,0.9953,0.4
0.048,0.9951,0.47
0.049,0.9974,0.5
0.033,0.9904,0.54
0.048,0.9974,0.59
0.037,0.9944,0.65
0.051,1.0004,0.42
0.046,0.9952,0.53
0.059,0.9956,0.39
0.038,0.995,0.38
0.038,0.995,0.38
0.048,0.9995,0.42
0.035,0.9942,0.33
0.041,0.9977,0.45
0.027,0.992,0.49
0.037,0.992,0.42
0.048,0.9995,0.42
0.034,0.9934,0.39
0.049,1.0006,0.51
0.048,0.9982,0.47
0.069,0.9928,0.43
0.038,0.9945,0.32
0.045,0.9963,0.32
0.033,0.9906,0.38
0.04,0.9956,0.37
0.035,0.9942,0.33
0.039,0.9962,0.34
0.025,0.9894,0.79
0.038,0.995,0.38
0.028,0.9908,0.43
0.033,0.9914,0.53
0.036,0.9938,0.42
0.041,0.9977,0.45
0.028,0.9922,0.49
0.027,0.992,0.49
0.029,0.9903,0.59
0.024,0.9893,0.51
0.054,0.9952,0.46
0.029,0.9903,0.59
0.04,0.9912,0.61
0.053,0.9983,0.44
0.047,0.9937,0.44
0.047,0.9932,0.32
0.047,0.9928,0.39
0.04,0.9922,0.52
0.037,0.9976,0.64
0.04,0.9922,0.52
0.042,0.9974,0.33
0.051,0.998,0.45
0.047,0.9931,0.48
0.04,0.9911,0.4
0.042,0.9944,0.46
0.044,0.9937,0.49
0.047,0.9974,0.46
0.038,0.989,0.25
0.042,0.992,0.32
0.047,0.9928,0.46
0.031,0.9918,0.32
0.048,0.9936,0.43
0.047,0.9944,0.52
0.043,0.9988,0.54
0.053,0.994,0.43
0.042,0.9953,0.42
0.048,0.9986,0.47
0.027,0.9914,0.4
0.031,0.9934,0.4
0.058,0.996,0.58
0.034,0.9937,0.34
0.076,0.9921,0.46
0.052,0.998,0.61
0.058,0.996,0.58
0.048,0.9933,0.45
0.047,0.9933,0.44
0.041,0.9959,0.41
0.031,0.9936,0.41
0.041,0.9953,0.49
0.025,0.9938,0.49
0.038,0.9952,0.35
0.042,0.9959,0.4
0.041,0.9959,0.41
0.042,0.9937,0.38
0.035,0.992,0.35
0.037,0.9967,0.44
0.034,0.9944,0.48
0.054,0.9998,0.38
0.054,0.9998,0.38
0.201,0.9942,0.38
0.054,0.9998,0.38
0.055,0.9945,0.8
0.054,0.9998,0.38
0.043,0.9946,0.6
0.201,0.9942,0.38
0.057,0.9928,0.38
0.03,0.9946,0.41
0.039,0.9927,0.32
0.044,0.9938,0.62
0.037,0.9918,0.37
0.055,0.9945,0.8
0.062,0.9966,0.5
0.03,0.9954,0.34
0.036,0.9913,0.7
0.045,0.9931,0.55
0.036,0.9986,0.5
0.042,0.9965,0.44
0.039,0.9984,0.5
0.042,0.9952,0.54
0.036,0.9956,0.39
0.044,0.9949,0.36
0.03,0.9954,0.34
0.029,0.996,0.36
0.045,0.9931,0.55
0.025,0.992,0.47
0.033,0.9912,0.44
0.065,0.9978,0.51
0.048,0.9938,0.43
0.026,0.9914,0.4
0.037,0.9932,0.33
0.068,0.9944,0.45
0.036,0.9913,0.7
0.024,0.9948,0.72
0.074,0.998,0.42
0.042,0.9998,0.41
0.025,0.9964,0.6
0.038,0.9992,0.46
0.024,0.9948,0.72
0.042,0.9998,0.41
0.074,0.998,0.42
0.02,0.9939,0.48
0.027,0.992,0.45
0.028,0.9922,0.46
0.046,0.9955,0.37
0.049,0.9917,0.44
0.049,0.9917,0.44
0.047,0.9954,0.46
0.037,0.9986,0.35
0.046,0.9955,0.37
0.031,0.9917,0.49
0.03,0.9907,0.47
0.042,0.9922,0.25
0.064,0.9958,0.3
0.04,0.993,0.52
0.049,0.9917,0.44
0.033,0.9926,0.47
0.045,0.9959,0.43
0.034,0.9906,0.32
0.301,0.9993,0.48
0.027,0.993,0.34
0.034,0.9906,0.32
0.044,0.992,0.44
0.034,0.992,0.58
0.038,0.994,0.67
0.045,0.9959,0.43
0.033,0.9908,0.54
0.023,0.9902,0.53
0.033,0.9908,0.54
0.039,0.9943,0.42
0.047,0.9921,0.28
0.033,0.9911,0.32
0.043,0.9986,0.41
0.03,0.992,0.54
0.033,0.992,0.54
0.037,0.9943,0.44
0.043,0.9937,0.5
0.036,0.993,0.48
0.023,0.9902,0.53
0.024,0.9928,0.51
0.041,0.9896,0.43
0.042,0.998,0.59
0.041,0.9954,0.43
0.036,0.9938,0.41
0.033,0.9918,0.39
0.041,0.9896,0.43
0.037,0.9944,0.32
0.042,0.9999,0.68
0.055,0.9953,0.4
0.046,0.992,0.4
0.045,0.9925,0.4
0.051,0.9981,0.51
0.034,0.9952,0.51
0.049,0.9927,0.42
0.047,0.9927,0.42
0.037,0.9911,0.39
0.138,0.9936,0.3
0.057,0.9959,0.57
0.046,0.9946,0.62
0.036,0.9948,0.35
0.034,0.9955,0.39
0.036,0.9951,0.36
0.037,0.9952,0.34
0.05,0.9946,0.64
0.046,0.9946,0.62
0.039,0.9944,0.46
0.036,0.9938,0.39
0.059,0.9963,0.62
0.028,0.991,0.41
0.044,1.0003,0.69
0.04,0.9966,0.35
0.048,0.9993,0.58
0.044,1.0003,0.69
0.037,0.9938,0.42
0.169,0.9965,0.48
0.037,0.9938,0.42
0.048,0.9993,0.58
0.064,0.9938,0.46
0.044,1.0003,0.69
0.04,0.9966,0.35
0.083,0.9942,0.37
0.025,0.9928,0.62
0.026,0.991,0.78
0.028,0.9911,0.48
0.039,0.9977,0.43
0.026,0.9927,0.25
0.028,0.9911,0.48
0.026,0.991,0.78
0.05,0.9912,0.44
0.032,0.9907,0.6
0.029,0.9902,0.51
0.034,0.992,0.44
0.033,0.994,0.42
0.038,0.9966,0.56
0.037,0.993,0.54
0.03,0.993,0.87
0.031,0.993,0.86
0.038,0.9966,0.56
0.045,0.9942,0.44
0.045,0.9925,0.37
0.04,0.9925,0.47
0.042,0.9928,0.4
0.045,0.995,0.35
0.032,0.9939,0.27
0.067,0.9958,0.33
0.035,0.9952,0.3
0.038,1,0.75
0.05,0.9948,0.49
0.047,0.99,0.49
0.049,0.9958,0.62
0.046,0.9948,0.45
0.049,0.9949,0.61
0.041,0.997,0.39
0.039,0.9927,0.5
0.04,0.9938,0.43
0.046,0.9949,0.48
0.04,0.9953,0.46
0.044,0.997,0.46
0.026,0.9932,0.39
0.039,0.9927,0.62
0.044,0.9932,0.51
0.038,0.9955,0.42
0.044,0.9914,0.74
0.028,0.991,0.43
0.037,0.992,0.56
0.093,0.9924,0.66
0.043,0.9927,0.62
0.04,0.9911,0.52
0.042,0.9958,0.36
0.047,0.9928,0.44
0.028,0.9902,0.38
0.052,0.994,0.46
0.05,0.994,0.45
0.058,0.9972,0.4
0.05,1.0004,0.51
0.034,0.991,0.75
0.048,0.9918,0.34
0.047,0.995,0.72
0.042,0.9941,0.37
0.048,0.9956,0.52
0.048,0.9956,0.52
0.033,0.9959,0.39
0.04,0.9922,0.33
0.029,0.9931,0.33
0.033,0.9959,0.39
0.059,0.9984,0.47
0.041,0.9908,0.4
0.043,0.991,0.48
0.039,0.9928,0.35
0.039,0.9936,0.34
0.042,0.9941,0.37
0.042,0.9924,0.28
0.034,0.9917,0.67
0.027,0.9906,0.39
0.047,0.995,0.72
0.048,0.9956,0.52
0.04,0.9955,0.41
0.04,0.9907,0.42
0.05,1,0.59
0.039,0.9953,0.44
0.048,0.9911,0.46
0.04,0.9922,0.54
0.044,0.9951,0.37
0.038,0.9948,0.43
0.04,0.9906,0.48
0.051,0.994,0.38
0.04,0.9907,0.42
0.046,0.9927,0.33
0.037,0.9914,0.43
0.058,0.9958,0.45
0.05,1,0.59
0.168,0.9984,0.49
0.052,0.9941,0.4
0.042,0.9944,0.38
0.044,0.998,0.68
0.044,0.998,0.68
0.032,0.9902,0.38
0.032,0.9911,0.41
0.047,0.9929,0.69
0.05,0.993,0.71
0.047,0.9918,0.38
0.054,0.992,0.42
0.044,0.9932,0.35
0.039,0.992,0.61
0.045,0.994,0.35
0.046,0.9923,0.33
0.047,0.993,0.7
0.042,0.9956,0.64
0.039,0.9907,0.9
0.034,0.99,0.51
0.044,0.9918,0.48
0.037,0.9926,0.34
0.034,0.995,0.42
0.029,0.99,0.42
0.034,0.99,0.51
0.042,0.9946,0.42
0.039,0.9907,0.9
0.039,0.9898,0.46
0.044,0.9918,0.48
0.05,0.9986,0.46
0.05,0.9986,0.46
0.035,0.9928,0.46
0.05,0.9986,0.46
0.052,0.9979,0.52
0.044,0.994,0.5
0.044,0.9937,0.64
0.043,0.9938,0.38
0.069,0.9942,0.35
0.034,0.9944,0.38
0.033,0.993,0.78
0.05,0.9986,0.46
0.04,0.9932,0.41
0.037,0.9934,0.4
0.035,0.9928,0.46
0.035,0.9925,0.79
0.042,0.9944,0.41
0.037,0.9909,0.38
0.038,0.9932,0.36
0.045,0.9934,0.6
0.057,1.0001,0.63
0.044,0.992,0.55
0.04,0.9916,0.4
0.042,0.998,0.34
0.047,0.9919,0.37
0.051,0.9925,0.47
0.056,0.9977,0.43
0.042,0.9944,0.41
0.052,0.991,0.35
0.045,0.99,0.34
0.042,0.9917,0.55
0.033,0.9923,0.68
0.051,0.9928,0.46
0.048,0.9923,0.31
0.051,0.9928,0.46
0.03,0.9902,0.49
0.031,0.9893,0.33
0.042,0.9917,0.55
0.053,0.9982,0.5
0.051,1.0005,0.7
0.033,0.9923,0.68
0.05,0.9951,0.34
0.052,0.9956,0.47
0.05,0.998,0.44
0.057,0.9928,0.35
0.061,0.9938,0.34
0.04,0.9914,0.4
0.033,0.9955,0.35
0.044,0.9924,0.42
0.063,0.9911,0.42
0.055,0.9917,0.47
0.055,0.9917,0.47
0.036,0.9932,0.27
0.033,0.9955,0.35
0.048,0.9929,0.42
0.033,0.9955,0.35
0.034,0.9958,0.38
0.054,1.0012,0.54
0.069,0.9968,0.81
0.063,0.9911,0.42
0.044,0.9924,0.42
0.044,0.991,0.41
0.048,0.9946,0.42
0.05,0.9928,0.4
0.048,0.9946,0.44
0.055,0.9917,0.47
0.051,0.9918,0.46
0.031,0.9926,0.27
0.044,0.9931,0.53
0.036,0.9932,0.27
0.03,0.9903,0.39
0.046,0.9928,0.39
0.048,0.9929,0.42
0.034,0.9958,0.38
0.033,0.9955,0.35
0.052,0.9911,0.28
0.038,0.9938,0.48
0.057,0.9942,0.48
0.05,0.9945,0.44
0.028,0.9962,0.36
0.04,0.992,0.29
0.044,0.9927,0.28
0.056,0.9948,0.49
0.05,0.9945,0.44
0.048,0.9942,0.6
0.046,0.9952,0.81
0.057,0.9942,0.48
0.053,0.9958,0.5
0.034,0.9918,0.39
0.033,0.9932,0.7
0.054,1.0004,0.45
0.044,0.9972,0.54
0.037,0.9998,0.41
0.03,0.9918,0.45
0.031,0.9918,0.62
0.046,0.9964,0.48
0.033,0.9936,0.38
0.033,0.9931,0.38
0.03,0.9938,0.38
0.039,0.9934,0.32
0.044,0.99,0.48
0.041,0.9914,0.42
0.043,0.9904,0.6
0.03,0.994,0.32
0.04,0.9938,0.37
0.034,0.9933,0.36
0.039,0.9909,0.34
0.045,0.9942,0.38
0.041,0.9945,0.49
0.051,0.9954,0.52
0.044,0.996,0.64
0.06,0.9991,0.44
0.053,0.993,0.47
0.061,0.9942,0.48
0.042,0.9934,0.51
0.034,0.9939,0.32
0.031,0.9937,0.28
0.03,0.994,0.32
0.039,0.9926,0.77
0.037,0.9951,0.33
0.038,0.9952,0.33
0.035,0.9935,0.34
0.04,0.9938,0.37
0.038,0.9939,0.37
0.034,0.9933,0.36
0.041,0.9927,0.63
0.044,0.998,0.49
0.042,0.9997,0.39
0.037,0.9981,0.44
0.037,0.992,0.54
0.045,0.9954,0.55
0.037,0.992,0.54
0.042,0.9997,0.39
0.037,0.9981,0.44
0.037,0.9943,0.3
0.049,0.9941,0.3
0.028,0.9936,0.54
0.044,0.9996,0.67
0.031,0.9932,0.4
0.028,0.9926,0.32
0.04,0.9936,0.41
0.034,0.992,0.42
0.028,0.9936,0.54
0.044,0.9996,0.67
0.029,0.993,0.32
0.037,0.9924,0.57
0.038,0.9928,0.72
0.028,0.9926,0.32
0.049,0.9952,0.47
0.034,0.9945,0.45
0.034,0.9945,0.45
0.025,0.9903,0.59
0.031,0.9932,0.4
0.051,0.9953,0.48
0.122,0.9936,0.31
0.038,0.9912,0.44
0.057,0.9962,0.63
0.056,0.9965,0.6
0.032,0.9932,0.57
0.036,0.9967,0.58
0.051,0.9953,0.48
0.045,0.9963,0.57
0.036,0.992,0.33
0.033,0.991,0.52
0.059,0.9958,0.46
0.027,0.99,0.33
0.033,0.991,0.52
0.059,0.9958,0.46
0.044,0.9938,0.51
0.046,0.9996,0.41
0.055,0.9946,0.44
0.055,0.9974,0.58
0.038,0.9945,0.46
0.041,0.9946,0.45
0.055,0.9974,0.58
0.063,0.9957,0.5
0.045,0.9931,0.35
0.048,0.9947,0.34
0.053,0.9953,0.76
0.05,0.9931,0.44
0.05,0.9946,0.58
0.046,0.9978,0.68
0.062,0.9989,0.53
0.046,1.0004,0.45
0.039,0.9938,0.32
0.039,0.9934,0.33
0.046,0.9978,0.68
0.045,0.9956,0.42
0.039,0.9982,0.4
0.042,0.9948,0.46
0.045,0.9956,0.42
0.039,0.9982,0.4
0.036,0.9926,0.48
0.028,0.991,0.82
0.042,0.9945,0.44
0.047,0.9916,0.41
0.043,0.9953,0.59
0.047,0.9938,0.4
0.046,0.9956,0.43
0.034,0.9906,0.3
0.046,0.9956,0.43
0.172,0.9932,0.39
0.167,0.9914,0.5
0.047,0.9938,0.4
0.046,0.996,0.52
0.034,0.9906,0.36
0.034,0.98815,0.5
0.048,0.9942,0.35
0.032,0.9903,0.42
0.031,0.9906,0.46
0.04,0.9935,0.38
0.057,1.0024,0.47
0.048,0.9968,0.46
0.031,0.9906,0.46
0.04,0.9941,0.34
0.027,0.9919,0.32
0.035,0.9928,0.4
0.035,0.9958,0.34
0.047,0.9932,0.47
0.045,0.9957,0.4
0.065,0.9937,0.52
0.045,0.9982,0.48
0.029,0.9928,0.36
0.027,0.9919,0.32
0.05,0.9956,0.34
0.045,0.9957,0.37
0.053,0.9954,0.36
0.039,0.993,0.51
0.037,0.9954,0.53
0.048,0.9987,0.44
0.05,0.9956,0.34
0.057,0.9928,0.35
0.047,0.9951,0.31
0.053,0.993,0.7
0.057,0.9928,0.35
0.041,0.9926,0.58
0.037,0.9938,0.38
0.048,1.0001,0.52
0.035,0.9933,0.45
0.043,0.9952,0.33
0.042,0.9934,0.48
0.239,0.9988,0.51
0.042,0.993,0.39
0.043,0.9952,0.33
0.054,0.9948,0.52
0.058,0.9998,0.36
0.049,0.9971,0.57
0.058,0.9998,0.36
0.048,0.9962,0.59
0.054,0.9948,0.52
0.036,0.99,0.28
0.045,0.9942,0.59
0.058,0.9965,0.52
0.044,0.9912,0.67
0.076,0.9978,0.58
0.044,0.9928,0.36
0.053,1.0103,0.38
0.052,0.9956,0.38
0.046,0.9936,0.59
0.048,0.9929,0.48
0.06,0.9966,0.58
0.05,0.9964,0.45
0.049,0.996,0.4
0.049,0.9959,0.45
0.047,0.9954,0.4
0.047,0.9914,0.42
0.053,1.0103,0.38
0.059,1.0004,0.58
0.036,0.9911,0.51
0.04,0.9938,0.43
0.055,0.9927,0.51
0.033,0.9922,0.38
0.036,0.9924,0.44
0.046,0.9963,0.56
0.028,0.9936,0.42
0.138,0.9951,0.38
0.137,0.9951,0.38
0.046,0.9955,0.44
0.047,0.9961,0.47
0.028,0.9936,0.42
0.032,0.992,0.35
0.045,0.9944,0.45
0.034,0.9944,0.43
0.054,1.0008,0.55
0.046,0.9962,0.55
0.055,0.9986,0.38
0.055,0.9986,0.38
0.049,1,0.44
0.055,0.9986,0.38
0.047,0.9982,0.72
0.049,1,0.44
0.041,0.9949,0.63
0.034,0.9915,0.55
0.05,0.9951,0.45
0.055,0.9986,0.38
0.04,0.9927,0.49
0.048,0.9955,0.41
0.06,0.9952,0.42
0.036,0.9928,0.4
0.041,0.9982,0.31
0.038,0.9914,0.37
0.04,0.9927,0.49
0.043,0.9918,0.43
0.043,0.9944,0.61
0.033,0.9969,0.46
0.046,0.9955,0.35
0.058,0.9954,0.44
0.057,0.9955,0.45
0.035,0.9921,0.47
0.038,0.9934,0.55
0.056,0.9998,0.4
0.051,0.9946,0.6
0.055,0.9984,0.39
0.032,0.9924,0.47
0.037,0.9939,0.51
0.061,0.995,0.51
0.059,0.9957,0.49
0.123,0.9953,0.48
0.04,0.9912,0.59
0.046,0.9939,0.5
0.044,0.9921,0.43
0.05,0.9954,0.43
0.043,0.9933,0.31
0.044,0.9941,0.44
0.052,0.995,0.45
0.041,0.9977,0.38
0.04,0.9912,0.59
0.056,0.9945,0.42
0.064,0.9952,0.37
0.034,0.9924,0.44
0.045,0.9986,0.36
0.123,0.9953,0.48
0.036,0.9939,0.68
0.031,0.9929,0.3
0.055,0.9988,0.37
0.031,0.9906,0.32
0.041,0.9914,0.45
0.057,0.9978,0.38
0.042,0.9928,0.47
0.052,0.9948,0.42
0.057,0.9978,0.38
0.054,0.9946,0.44
0.032,0.9908,0.32
0.061,0.9954,0.45
0.038,0.9906,0.32
0.039,0.99705,0.35
0.042,0.9982,0.51
0.133,0.9932,0.3
0.053,0.9977,0.48
0.05,0.994,0.42
0.042,0.9982,0.51
0.044,0.9929,0.42
0.056,0.9924,0.43
0.045,0.9966,0.57
0.046,0.9921,0.51
0.045,0.9967,0.54
0.049,0.9934,0.54
0.042,0.9914,0.43
0.039,0.99705,0.35
0.053,0.9961,0.43
0.056,0.9967,0.44
0.038,0.9926,0.46
0.046,0.99605,0.44
0.042,0.99435,0.35
0.044,0.9948,0.51
0.037,0.9916,0.42
0.037,0.997,0.5
0.053,0.9961,0.43
0.056,0.9967,0.44
0.054,0.9961,0.45
0.051,0.9955,0.69
0.048,0.9922,0.38
0.046,0.9918,0.56
0.059,0.9955,0.42
0.041,0.9941,0.72
0.059,0.9955,0.43
0.059,0.9955,0.42
0.054,0.9924,0.4
0.03,0.9973,0.4
0.069,0.999,0.47
0.041,0.9941,0.72
0.034,0.9922,0.69
0.034,0.9922,0.69
0.052,0.9953,0.38
0.051,0.9945,0.44
0.034,0.9945,0.37
0.067,0.9957,0.57
0.038,0.9932,0.46
0.034,0.9945,0.37
0.04,0.9913,0.52
0.033,0.9909,0.43
0.035,0.9939,0.34
0.026,0.991,0.74
0.042,0.9954,0.46
0.054,0.9943,0.5
0.056,0.993,0.53
0.062,1.0002,0.64
0.064,0.9946,0.54
0.061,0.9953,0.47
0.037,0.9918,0.62
0.039,0.9936,0.34
0.073,0.9984,0.41
0.04,0.9956,0.58
0.049,0.9966,0.4
0.042,0.9942,0.32
0.073,0.9984,0.41
0.04,0.9956,0.58
0.049,0.9966,0.4
0.065,0.9974,0.39
0.046,0.9944,0.41
0.053,1.0008,0.79
0.065,0.9974,0.39
0.053,1.0008,0.79
0.049,0.9928,0.41
0.046,0.9944,0.41
0.042,0.9908,0.37
0.038,0.9917,0.43
0.03,0.9911,0.32
0.038,0.9912,0.53
0.029,0.9953,0.5
0.034,0.9932,0.34
0.032,0.9896,0.44
0.032,0.9889,0.41
0.038,0.9912,0.53
0.035,0.9926,0.38
0.03,0.9911,0.32
0.054,0.9964,0.54
0.033,0.9974,0.32
0.034,0.9944,0.6
0.033,0.9974,0.32
0.054,0.9964,0.54
0.051,0.9963,0.54
0.031,0.9948,0.43
0.031,0.9948,0.43
0.03,0.9953,0.51
0.031,0.9948,0.43
0.03,0.9953,0.51
0.044,0.9949,0.41
0.211,0.9988,0.56
0.123,0.9954,0.54
0.037,0.992,0.64
0.052,0.9984,0.55
0.123,0.9954,0.54
0.054,0.9926,0.51
0.037,0.992,0.64
0.039,0.9976,0.52
0.059,0.9972,0.77
0.029,0.991,0.62
0.049,0.998,0.44
0.041,0.9966,0.38
0.049,0.998,0.44
0.052,1.0007,0.82
0.042,0.992,0.42
0.046,0.9925,0.42
0.029,0.991,0.62
0.049,0.9934,0.67
0.058,0.9955,0.59
0.048,0.9944,0.55
0.053,0.9981,0.45
0.056,0.9968,0.46
0.056,0.9946,0.47
0.056,0.9946,0.47
0.053,0.9981,0.45
0.046,0.9946,0.66
0.054,0.997,0.46
0.054,0.9924,0.92
0.049,0.9958,0.39
0.042,0.994,0.61
0.255,0.9958,0.43
0.05,0.9984,0.5
0.031,0.9948,0.37
0.031,0.9932,0.38
0.035,0.9952,0.37
0.049,0.9924,0.5
0.048,0.9945,0.49
0.047,0.9976,0.46
0.047,0.9976,0.46
0.034,0.9938,0.31
0.058,0.9997,0.6
0.053,0.994,0.49
0.032,0.9921,0.37
0.043,0.9986,0.57
0.043,0.9987,0.36
0.045,0.9991,0.63
0.043,0.9987,0.36
0.045,0.9991,0.63
0.045,0.9991,0.63
0.029,0.9948,0.39
0.043,0.9987,0.36
0.036,0.993,0.32
0.05,0.9988,0.43
0.049,1,0.42
0.036,0.9932,0.76
0.045,0.9991,0.63
0.045,0.9989,0.64
0.046,1,0.41
0.046,1,0.41
0.056,0.9952,0.44
0.039,0.9969,0.49
0.037,0.9966,0.41
0.037,0.9966,0.41
0.053,0.9976,0.64
0.03,0.99,0.62
0.033,0.9988,0.43
0.039,0.9942,0.34
0.04,0.9984,0.49
0.04,0.9932,0.55
0.039,0.9969,0.49
0.037,0.9966,0.41
0.037,0.9933,0.69
0.029,0.9916,0.59
0.038,0.9914,0.59
0.062,0.9966,0.39
0.045,0.9958,0.42
0.041,0.9926,0.74
0.036,0.9939,0.46
0.049,0.9953,0.5
0.033,0.9906,0.37
0.038,0.9914,0.59
0.045,0.9958,0.42
0.041,0.9926,0.74
0.044,0.9991,0.58
0.049,0.9994,0.66
0.052,0.9976,0.49
0.062,0.9966,0.39
0.055,0.9953,0.41
0.028,0.9923,0.48
0.032,0.993,0.4
0.204,0.9931,0.43
0.208,0.9932,0.43
0.052,0.9926,0.41
0.047,0.9938,0.39
0.036,0.9966,0.4
0.043,0.9974,0.41
0.047,0.9924,0.37
0.042,0.9948,0.34
0.083,0.9964,0.35
0.04,0.9924,0.66
0.036,0.9966,0.4
0.043,0.9974,0.41
0.08,0.9938,0.39
0.031,0.9928,0.34
0.052,0.9959,0.38
0.052,1.0001,0.64
0.052,0.9959,0.38
0.052,1.0001,0.64
0.041,0.9968,0.52
0.051,0.9932,0.4
0.049,0.9954,0.58
0.066,0.9992,0.43
0.051,0.9932,0.4
0.046,0.9939,0.57
0.054,0.9952,0.44
0.036,0.9996,0.46
0.046,0.9966,0.49
0.028,0.9925,0.34
0.044,0.996,0.74
0.036,0.9996,0.46
0.063,0.9973,0.57
0.027,0.9937,0.4
0.058,0.9966,0.38
0.056,1.0017,0.58
0.024,0.993,0.37
0.024,0.993,0.37
0.039,0.9959,0.64
0.041,0.9958,0.57
0.056,1.0017,0.58
0.046,0.9958,0.46
0.076,0.9979,0.38
0.047,0.9941,0.35
0.044,0.997,0.56
0.047,0.9934,0.53
0.03,0.9927,0.79
0.036,0.9944,0.47
0.03,0.9927,0.79
0.086,0.9963,0.42
0.084,1.0011,0.39
0.084,1.0011,0.39
0.048,0.9959,0.43
0.057,0.9973,0.55
0.048,0.9966,0.5
0.044,0.9932,0.54
0.042,0.9984,0.46
0.056,0.999,0.46
0.056,0.999,0.46
0.056,0.999,0.46
0.056,0.999,0.46
0.056,0.999,0.46
0.049,1.0006,0.62
0.047,0.9937,0.53
0.043,0.9954,0.55
0.043,0.997,0.53
0.034,0.9912,0.31
0.054,0.9939,0.52
0.056,0.999,0.46
0.057,0.9957,0.44
0.053,0.9926,0.45
0.043,0.9994,0.67
0.055,1.0004,0.82
0.043,0.9994,0.67
0.055,1.0004,0.82
0.055,1.0004,0.82
0.055,1.0002,0.46
0.04,0.9922,0.46
0.038,0.9922,0.46
0.047,0.9934,0.69
0.053,0.9926,0.45
0.043,0.9941,0.68
0.043,0.9994,0.67
0.055,1.0004,0.82
0.038,0.9924,0.58
0.043,0.9948,0.47
0.034,0.9935,0.41
0.035,0.9918,0.53
0.043,0.9948,0.47
0.064,0.9924,0.45
0.046,0.9979,0.67
0.026,0.993,0.36
0.028,0.994,0.66
0.023,0.991,0.38
0.026,0.993,0.36
0.049,0.9922,0.46
0.046,0.9979,0.67
0.05,0.9937,0.7
0.051,0.9928,0.42
0.04,0.9965,0.53
0.051,0.9928,0.42
0.168,0.9991,0.64
0.16,0.9948,0.42
0.179,0.9925,0.54
0.046,0.9958,0.45
0.037,0.9962,0.45
0.04,0.9965,0.53
0.034,0.9951,0.52
0.042,0.9944,0.47
0.024,0.9916,0.54
0.049,0.9987,0.4
0.038,0.9928,0.48
0.018,0.9926,0.35
0.046,0.9934,0.41
0.042,0.9944,0.47
0.029,0.9949,0.44
0.042,0.9926,0.38
0.032,0.997,0.59
0.029,0.9949,0.44
0.028,0.9948,0.45
0.03,0.992,0.53
0.034,0.9964,0.63
0.042,0.9926,0.38
0.046,0.9982,0.47
0.052,0.9955,0.41
0.05,0.9955,0.42
0.031,0.9958,0.57
0.034,0.9997,0.55
0.042,1.0001,0.36
0.042,1.0001,0.36
0.026,0.9918,0.38
0.026,0.9918,0.38
0.029,0.9931,0.26
0.042,1.0001,0.36
0.031,0.9926,0.82
0.044,0.9966,0.47
0.04,0.9932,0.47
0.04,0.9969,0.56
0.036,0.9925,0.4
0.047,0.9914,0.48
0.049,0.996,0.46
0.042,0.9952,0.75
0.05,0.9934,0.44
0.051,0.9939,0.39
0.051,0.9939,0.39
0.029,0.9906,0.37
0.03,0.9901,0.34
0.057,0.9948,0.51
0.04,0.995,0.68
0.043,0.9953,0.76
0.045,0.9953,0.79
0.042,0.9952,0.75
0.049,0.996,0.46
0.039,0.9948,0.67
0.055,0.9951,0.54
0.042,0.9931,0.72
0.044,0.9962,0.41
0.039,0.9948,0.67
0.046,0.9959,0.33
0.036,0.9962,0.34
0.029,0.9958,0.42
0.053,0.9948,0.76
0.053,0.9948,0.76
0.05,0.994,0.58
0.049,0.9942,0.58
0.046,0.9942,0.38
0.053,0.9948,0.76
0.044,0.9964,0.44
0.045,0.9958,0.38
0.043,0.9932,0.38
0.052,0.9986,0.35
0.052,0.9986,0.35
0.048,0.9988,0.46
0.05,0.9953,0.4
0.046,0.9983,0.4
0.056,1,0.35
0.043,0.9951,0.46
0.046,0.9983,0.4
0.042,0.9906,0.56
0.047,0.9981,0.49
0.056,0.9936,0.45
0.043,0.9951,0.46
0.05,0.9953,0.4
0.057,1.0005,0.66
0.048,0.9972,0.48
0.056,1,0.35
0.038,0.9969,0.55
0.05,1.0001,0.37
0.05,1.0001,0.37
0.05,1.0001,0.37
0.05,0.9934,0.62
0.038,0.9969,0.55
0.05,1.0001,0.37
0.034,0.9902,0.37
0.04,0.993,0.56
0.041,0.9914,0.42
0.033,0.9941,0.39
0.076,0.9967,0.38
0.035,0.9918,0.58
0.051,0.998,0.38
0.076,0.9967,0.38
0.035,0.9918,0.58
0.048,0.9957,0.46
0.056,0.9986,0.55
0.062,0.9958,0.7
0.054,0.9948,0.5
0.036,0.9918,0.72
0.04,0.9923,0.38
0.056,0.9998,0.38
0.056,0.9998,0.38
0.03,0.9914,0.68
0.041,0.9939,0.52
0.054,0.9966,0.55
0.058,0.995,0.52
0.054,0.9966,0.55
0.06,0.994,0.31
0.056,0.9972,0.39
0.056,0.9998,0.5
0.056,0.9998,0.5
0.047,0.9982,0.46
0.037,0.9924,0.74
0.053,0.9972,0.48
0.054,0.997,0.42
0.056,0.9954,0.4
0.04,0.9962,0.54
0.056,0.9972,0.39
0.038,0.9921,0.46
0.035,0.9905,0.43
0.056,0.9998,0.5
0.052,0.993,0.41
0.054,0.9941,0.45
0.052,0.9994,0.59
0.035,0.9962,0.46
0.038,0.992,0.31
0.031,0.9922,0.33
0.048,0.994,0.66
0.031,0.9897,0.34
0.04,0.9954,0.48
0.03,0.99,0.46
0.087,0.9948,0.44
0.031,0.9922,0.33
0.028,0.998,0.35
0.069,0.9944,0.47
0.069,0.9944,0.47
0.053,0.9986,0.49
0.053,0.9986,0.49
0.053,0.9986,0.49
0.053,0.9986,0.49
0.053,0.9986,0.49
0.042,0.996,0.37
0.05,0.9999,0.54
0.053,0.9986,0.49
0.053,0.9986,0.49
0.042,0.996,0.37
0.06,0.9951,0.44
0.05,0.9999,0.54
0.047,0.993,0.55
0.053,0.9982,0.46
0.044,0.992,0.4
0.041,0.9963,0.47
0.04,0.995,0.47
0.041,0.9956,0.47
0.051,0.997,0.44
0.217,0.9936,0.53
0.056,0.9935,0.42
0.052,0.9963,0.49
0.048,0.9967,0.54
0.044,0.9912,0.51
0.037,0.9981,0.32
0.058,0.9966,0.51
0.048,0.9967,0.54
0.052,0.9963,0.49
0.056,0.9935,0.42
0.037,0.9902,0.38
0.036,0.99,0.37
0.051,0.996,0.52
0.049,0.9966,0.52
0.069,0.9962,0.53
0.051,0.994,0.67
0.051,0.996,0.52
0.058,0.994,0.55
0.059,0.9944,0.56
0.056,0.9974,0.6
0.035,0.996,0.37
0.045,0.9922,0.64
0.031,0.9917,0.49
0.039,0.9918,0.64
0.058,0.9936,0.5
0.056,0.9938,0.78
0.039,0.9918,0.64
0.047,0.9939,0.65
0.031,0.9917,0.49
0.041,0.9981,0.4
0.051,0.9941,0.62
0.051,0.9928,0.38
0.041,0.9952,0.6
0.027,0.9898,0.36
0.045,0.9914,0.44
0.041,0.9981,0.4
0.051,0.9957,0.47
0.056,0.998,0.42
0.051,0.9957,0.47
0.067,0.9986,0.44
0.046,0.9983,0.46
0.046,0.9982,0.46
0.042,0.997,0.59
0.034,0.9947,0.36
0.042,0.997,0.59
0.034,0.9947,0.36
0.054,0.99416,0.45
0.049,0.99516,0.51
0.067,0.99496,0.79
0.048,0.9974,0.46
0.04,0.99579,0.5
0.06,0.9983,0.45
0.046,0.99471,0.44
0.048,0.9974,0.46
0.042,0.99644,0.49
0.04,0.99579,0.5
0.094,0.99699,0.54
0.047,0.99758,0.74
0.043,0.9977,0.51
0.031,0.99397,0.38
0.06,0.9983,0.45
0.046,0.99471,0.44
0.047,0.99243,0.45
0.048,0.9962,0.47
0.06,1.00182,0.61
0.042,0.99384,0.6
0.046,0.99582,0.52
0.048,0.9962,0.47
0.049,0.9924,0.43
0.046,0.99466,0.46
0.039,0.99212,0.68
0.157,0.99449,0.53
0.049,0.99748,0.45
0.157,0.99449,0.53
0.049,0.99748,0.45
0.061,0.99475,0.45
0.032,0.99189,0.44
0.056,0.99827,0.48
0.045,0.99752,0.77
0.056,0.99827,0.48
0.027,0.99479,0.43
0.045,0.99752,0.77
0.034,0.99642,0.4
0.055,1.00047,0.67
0.051,0.99382,0.66
0.06,0.99784,0.46
0.035,0.99486,0.42
0.053,0.99537,0.47
0.051,0.99382,0.66
0.067,0.99838,0.49
0.043,0.99566,0.44
0.033,0.99268,0.39
0.043,0.99566,0.44
0.148,0.99468,0.56
0.047,0.9933,0.54
0.046,0.99307,0.55
0.049,0.99907,0.68
0.049,0.99907,0.68
0.049,0.99907,0.68
0.049,0.99907,0.68
0.158,0.99471,0.49
0.157,0.99471,0.49
0.049,0.99907,0.68
0.037,0.99148,0.58
0.047,0.99383,0.64
0.047,0.99365,0.56
0.054,0.99272,0.46
0.037,0.99148,0.58
0.031,0.99235,0.58
0.041,0.99508,0.37
0.04,0.9946,0.57
0.042,0.99674,0.53
0.027,0.99018,0.54
0.031,0.99235,0.58
0.043,0.99084,0.44
0.058,0.99856,0.45
0.055,0.99591,0.43
0.051,0.9975,0.48
0.06,0.9944,0.4
0.04,0.99173,0.42
0.049,0.99378,0.68
0.053,0.99805,0.44
0.045,0.99534,0.49
0.035,0.99232,0.5
0.053,0.99805,0.44
0.036,0.99078,0.41
0.045,0.99534,0.49
0.029,0.99061,0.63
0.032,0.99182,0.38
0.061,0.9966,0.58
0.038,0.9912,0.39
0.045,0.99779,0.44
0.046,0.99814,0.46
0.035,0.99096,0.48
0.037,0.99379,0.67
0.053,0.99426,0.55
0.036,0.99228,0.61
0.041,0.99335,0.66
0.045,0.99595,0.48
0.049,0.99297,0.36
0.038,0.99687,0.29
0.049,0.99297,0.36
0.038,0.99687,0.29
0.054,0.99445,0.53
0.05,0.9986,0.59
0.032,0.99154,0.42
0.049,0.9981,0.59
0.024,0.98993,0.6
0.058,1.00241,0.43
0.048,0.99716,0.51
0.041,0.99437,0.67
0.067,0.9972,0.57
0.051,0.99756,0.62
0.041,0.99509,0.55
0.06,0.99572,0.59
0.051,0.99756,0.62
0.034,0.99175,0.59
0.032,0.99254,0.52
0.041,0.99509,0.55
0.043,0.99676,0.49
0.039,0.9979,0.44
0.031,0.99194,0.54
0.029,0.99077,0.77
0.168,0.99782,0.62
0.048,0.99942,0.59
0.04,0.99708,0.57
0.06,0.99353,0.46
0.044,0.99256,0.48
0.046,0.99199,0.48
0.024,0.9918,0.45
0.051,0.99354,0.5
0.028,0.99244,0.37
0.04,0.99831,0.66
0.157,0.99396,0.36
0.05,0.99724,0.49
0.05,0.99524,0.58
0.035,0.9927,0.5
0.053,0.99802,0.42
0.06,0.99512,0.51
0.092,0.99438,0.44
0.05,0.99679,0.52
0.05,0.99652,0.49
0.037,0.99698,0.37
0.03,0.99474,0.46
0.039,0.99511,0.49
0.099,0.99582,0.43
0.036,0.99125,0.4
0.034,0.99256,0.54
0.039,0.9911,0.41
0.036,0.99168,0.43
0.039,0.9911,0.41
0.05,0.99556,0.46
0.063,1.00098,0.51
0.084,0.99516,0.63
0.085,0.99516,0.64
0.042,0.99518,0.59
0.029,0.99347,0.46
0.025,0.9929,0.53
0.029,0.99347,0.46
0.042,0.99841,0.41
0.053,0.99362,0.54
0.053,0.99361,0.54
0.041,0.9914,0.45
0.042,0.99114,0.51
0.042,0.9925,0.5
0.043,0.99453,0.7
0.091,0.9938,0.49
0.093,0.9938,0.49
0.056,0.99806,0.49
0.059,0.9961,0.59
0.047,1.00016,0.66
0.037,0.9916,0.41
0.024,0.99116,0.49
0.046,0.99319,0.57
0.047,0.99517,0.66
0.044,0.99514,0.53
0.038,0.99566,0.56
0.034,0.99166,0.98
0.046,0.99587,0.67
0.044,0.99558,0.49
0.033,0.99117,0.52
0.036,0.99399,0.54
0.044,0.99741,0.5
0.034,0.99405,0.64
0.047,0.99622,0.58
0.045,1.00051,0.5
0.08,0.99803,0.66
0.034,0.99405,0.64
0.095,0.99773,0.71
0.05,0.99397,0.5
0.047,0.99622,0.58
0.044,0.99713,0.46
0.032,0.99274,0.42
0.07,1.00118,0.53
0.031,0.99176,0.46
0.045,0.9969,0.55
0.096,0.99771,0.72
0.036,0.99411,0.68
0.096,0.99771,0.72
0.036,0.99411,0.68
0.04,0.99194,0.48
0.04,0.99558,0.55
0.04,0.99194,0.48
0.04,0.99558,0.55
0.042,0.99577,0.46
0.045,0.99564,0.42
0.044,0.99578,0.47
0.054,0.99888,0.5
0.045,1.00014,0.56
0.034,0.99441,0.5
0.056,0.99594,0.43
0.05,0.99437,0.5
0.056,0.99594,0.43
0.042,0.9979,0.75
0.147,0.99434,0.47
0.028,0.99203,1.06
0.063,0.998,0.45
0.052,0.99316,0.6
0.063,0.998,0.45
0.051,0.99314,0.61
0.052,0.99316,0.6
0.042,0.99612,0.64
0.04,0.99295,0.62
0.043,0.99394,0.63
0.037,0.99642,0.52
0.037,0.99642,0.52
0.027,0.99248,0.54
0.027,0.99268,0.56
0.036,0.99954,0.67
0.031,0.99692,0.58
0.037,0.99592,0.54
0.037,0.99592,0.54
0.031,0.99692,0.58
0.045,0.99822,0.52
0.045,0.99822,0.52
0.053,0.99402,0.49
0.053,0.99404,0.48
0.039,0.99787,0.58
0.053,0.99347,0.46
0.041,0.99838,0.44
0.04,0.99839,0.44
0.038,0.99375,0.62
0.029,0.99155,0.51
0.049,0.9936,0.41
0.056,0.99434,0.51
0.022,0.9922,0.5
0.032,0.99571,0.4
0.043,0.99658,0.54
0.035,0.99076,0.44
0.071,0.99496,0.53
0.142,0.9937,0.49
0.035,0.99076,0.44
0.047,0.99542,0.48
0.052,0.99825,0.49
0.049,0.99289,0.61
0.041,0.99432,0.5
0.047,0.99523,0.48
0.047,0.99542,0.48
0.05,0.9959,0.49
0.045,0.99543,0.55
0.079,0.99662,0.45
0.034,0.99088,0.51
0.034,0.99088,0.51
0.074,0.99922,0.44
0.036,0.9966,0.76
0.075,0.99466,0.43
0.074,0.99922,0.44
0.054,0.99836,0.5
0.054,0.99836,0.5
0.043,0.99238,0.48
0.031,0.99645,0.4
0.046,1,0.48
0.046,1,0.48
0.039,0.99376,0.49
0.046,1,0.48
0.039,0.99513,0.52
0.045,0.99556,0.47
0.045,0.99556,0.47
0.054,0.99543,0.43
0.053,0.99886,0.63
0.044,0.99526,0.48
0.032,0.99166,0.47
0.045,0.99691,0.43
0.053,0.99732,0.68
0.045,0.99573,0.46
0.058,0.99656,0.6
0.043,0.99112,0.48
0.032,0.99214,0.52
0.029,0.99165,0.49
0.018,0.99004,0.52
0.038,0.99463,0.64
0.034,0.99683,0.56
0.018,0.99004,0.52
0.04,0.99596,0.5
0.054,0.99898,0.49
0.029,0.99114,0.6
0.121,0.99508,0.38
0.053,0.99306,0.41
0.054,0.99898,0.49
0.121,0.99508,0.38
0.029,0.99114,0.6
0.036,0.99342,0.51
0.037,0.99345,0.5
0.044,0.99772,0.47
0.036,0.99239,0.59
0.049,0.99502,0.38
0.049,0.99502,0.38
0.046,0.99479,0.34
0.043,0.99207,0.46
0.029,0.99497,0.5
0.046,0.99828,0.42
0.032,0.99542,0.44
0.032,0.99542,0.44
0.028,0.99228,0.5
0.03,0.99706,0.47
0.029,0.99497,0.5
0.029,0.99669,0.48
0.046,0.99828,0.42
0.036,0.99269,0.48
0.041,0.99196,0.53
0.046,0.99662,0.54
0.052,0.99475,0.48
0.045,0.99544,0.53
0.052,0.99944,0.62
0.052,0.99475,0.48
0.045,0.99544,0.53
0.046,0.9966,0.46
0.043,0.99066,0.72
0.043,0.9907,0.73
0.043,0.99066,0.72
0.033,0.998,0.53
0.043,0.9907,0.73
0.043,0.99066,0.72
0.079,0.99307,0.42
0.03,0.99106,0.42
0.052,0.99696,0.46
0.03,0.99106,0.42
0.079,0.99307,0.42
0.037,0.99167,0.45
0.048,0.99902,0.45
0.021,0.98992,0.46
0.028,0.99182,0.46
0.043,0.99556,0.49
0.034,0.99582,0.59
0.028,0.99182,0.46
0.032,0.98972,0.36
0.026,0.99352,0.45
0.035,0.9946,0.49
0.043,0.99273,0.52
0.038,0.99628,0.44
0.039,0.99582,0.5
0.037,0.99553,0.5
0.014,0.98914,0.56
0.156,0.99354,0.37
0.053,0.99976,0.5
0.062,0.99808,0.52
0.062,0.99808,0.52
0.062,0.99808,0.52
0.062,0.99808,0.52
0.062,0.99808,0.52
0.062,0.99808,0.52
0.039,0.9919,0.43
0.062,0.99808,0.52
0.068,0.99499,0.48
0.05,0.99655,0.42
0.059,0.99615,0.64
0.038,0.99296,0.55
0.048,0.99482,0.38
0.028,0.99079,0.88
0.042,0.99366,0.39
0.046,0.99434,0.64
0.023,0.98958,0.7
0.046,0.99434,0.64
0.034,0.99938,0.6
0.042,0.99059,0.74
0.031,0.99835,0.61
0.023,0.98958,0.7
0.025,0.99159,0.63
0.025,0.99159,0.63
0.019,0.98931,0.36
0.028,0.9938,0.49
0.024,0.99558,0.46
0.024,0.99563,0.46
0.019,0.98931,0.36
0.053,0.99691,0.67
0.038,0.9959,0.5
0.025,0.99159,0.63
0.05,0.99628,0.4
0.021,0.99076,0.47
0.039,0.99678,0.72
0.039,0.99678,0.72
0.039,0.99678,0.72
0.026,0.99089,0.38
0.063,0.99537,0.47
0.041,1.0002,0.38
0.05,0.99628,0.4
0.026,0.99089,0.38
0.039,0.99678,0.72
0.021,0.99076,0.47
0.033,0.99332,0.42
0.033,0.99316,0.51
0.029,0.99272,0.41
0.03,0.99636,0.46
0.044,0.99202,0.43
0.027,0.99148,0.36
0.012,0.99064,0.39
0.065,0.99884,0.45
0.034,0.99773,0.44
0.044,1.00013,0.88
0.062,0.98974,0.47
0.034,0.99773,0.44
0.044,1.00013,0.88
0.023,0.99112,0.53
0.034,0.99136,0.55
0.028,0.99132,0.61
0.042,0.99642,0.37
0.066,0.99488,0.8
0.047,0.99527,0.47
0.119,0.99578,0.44
0.048,0.99352,0.44
0.046,0.99199,0.68
0.037,0.99198,0.51
0.057,0.99756,0.54
0.119,0.99578,0.44
0.066,0.99561,0.53
0.069,0.99347,0.4
0.018,0.98936,0.34
0.042,0.99786,0.46
0.081,0.99705,0.57
0.034,0.9942,0.69
0.039,0.9948,0.78
0.05,0.99116,0.69
0.052,0.99688,0.7
0.033,0.98974,0.41
0.067,0.99542,0.48
0.041,0.99154,0.56
0.043,0.99118,0.65
0.033,0.99044,0.39
0.03,0.9914,0.45
0.05,0.9979,0.49
0.03,0.98892,0.41
0.039,0.99114,0.45
0.039,0.99188,1
0.046,0.99583,0.49
0.03,0.98892,0.41
0.03,0.98892,0.41
0.049,0.99704,0.36
0.037,0.9911,0.36
0.032,0.99334,0.66
0.033,0.99334,0.66
0.031,0.99094,0.68
0.03,0.99014,0.31
0.042,0.99304,0.4
0.041,0.99652,0.42
0.029,0.98944,0.33
0.061,0.99772,0.59
0.03,0.99367,0.44
0.042,0.99304,0.4
0.026,0.99183,0.48
0.029,0.99126,0.37
0.029,0.98944,0.33
0.042,0.99577,0.46
0.061,0.99772,0.59
0.041,0.99652,0.42
0.041,0.99428,0.5
0.03,0.99388,0.36
0.024,0.99208,0.54
0.036,0.99256,0.54
0.03,0.99388,0.36
0.025,0.9925,0.38
0.048,0.99904,0.49
0.043,0.99216,0.5
0.024,0.99208,0.54
0.041,0.99428,0.5
0.027,0.99165,0.6
0.038,0.99924,0.41
0.038,0.99924,0.41
0.038,0.99924,0.41
0.17,0.9956,0.38
0.171,0.99562,0.38
0.045,0.9972,0.63
0.038,0.99924,0.41
0.044,0.9958,0.48
0.044,0.99976,0.75
0.044,0.99976,0.75
0.049,0.99296,0.43
0.045,0.9957,0.46
0.044,0.9958,0.48
0.043,0.99579,0.5
0.04,0.99541,0.6
0.044,0.99976,0.75
0.046,0.99518,0.4
0.028,0.99168,0.54
0.029,0.99276,0.38
0.027,0.99085,0.38
0.043,0.99873,0.8
0.03,0.99172,0.62
0.038,0.99312,0.56
0.029,0.99276,0.38
0.045,0.9972,0.42
0.036,0.99278,0.5
0.041,0.99092,0.46
0.051,0.9962,0.51
0.035,0.99053,0.69
0.06,0.99858,0.51
0.051,0.9984,0.53
0.049,0.99335,0.51
0.035,0.99053,0.69
0.048,0.9949,0.49
0.051,0.9962,0.51
0.041,0.99092,0.46
0.047,0.99532,0.47
0.067,0.99727,0.34
0.034,0.99026,0.47
0.048,0.99668,0.42
0.067,0.99727,0.34
0.048,0.9952,0.72
0.034,0.99144,0.4
0.034,0.99144,0.4
0.032,0.99015,0.53
0.045,0.9914,0.45
0.057,0.99693,0.55
0.045,0.99035,0.9
0.057,0.99693,0.55
0.045,0.99035,0.9
0.036,0.99006,0.66
0.025,0.99126,0.46
0.026,0.98994,0.4
0.027,0.98985,0.32
0.082,0.9971,0.48
0.059,0.99882,0.52
0.038,0.99477,0.46
0.039,0.99478,0.47
0.055,0.99576,0.54
0.054,0.99578,0.54
0.06,0.99354,0.51
0.05,0.99244,0.42
0.048,0.99084,0.34
0.05,0.99612,0.37
0.028,0.99356,0.37
0.034,0.98952,0.59
0.05,0.99612,0.37
0.048,0.99084,0.34
0.05,0.99244,0.42
0.048,0.99955,0.54
0.052,0.99374,0.66
0.026,0.9892,0.37
0.035,0.99144,0.6
0.045,0.99352,0.33
0.045,0.99352,0.33
0.045,0.9935,0.33
0.043,0.99237,0.54
0.035,0.99144,0.6
0.025,0.99022,0.45
0.036,0.99032,0.44
0.074,1.03898,0.69
0.053,0.99587,0.59
0.053,0.99587,0.59
0.053,0.99587,0.59
0.083,0.99976,0.5
0.034,0.99354,0.41
0.083,0.99976,0.5
0.066,0.99552,0.54
0.065,0.99552,0.53
0.053,0.99587,0.59
0.047,0.99604,0.49
0.046,0.99584,0.51
0.033,0.98894,0.53
0.053,0.9963,0.4
0.028,0.993,0.55
0.033,0.98894,0.53
0.053,0.9963,0.4
0.036,0.99068,0.45
0.036,0.98964,0.51
0.047,0.99604,0.49
0.046,0.99584,0.51
0.038,0.9923,0.39
0.031,0.99437,0.38
0.028,0.993,0.55
0.04,0.99238,0.44
0.038,0.99801,0.46
0.039,0.99802,0.46
0.042,0.99566,0.5
0.049,0.99067,0.73
0.025,0.99066,0.47
0.03,0.9929,0.66
0.026,0.9934,0.58
0.049,0.99067,0.73
0.032,0.98912,0.38
0.038,0.99066,0.39
0.052,0.99228,0.49
0.032,0.98912,0.38
0.052,0.9958,0.34
0.042,0.99052,0.42
0.152,0.99312,0.38
0.056,0.9968,0.6
0.044,0.99502,0.44
0.04,0.99084,0.48
0.047,0.99573,0.53
0.048,0.99256,0.5
0.053,0.9959,0.48
0.034,0.99084,0.35
0.034,0.99084,0.35
0.044,0.99644,0.37
0.05,0.99526,0.4
0.064,0.9954,0.44
0.031,0.99095,0.58
0.048,0.99188,0.37
0.041,0.9909,0.38
0.048,0.99256,0.5
0.053,0.9959,0.48
0.05,0.99581,0.5
0.033,0.99132,0.58
0.034,0.98936,0.36
0.036,0.99136,0.38
0.036,0.99142,0.39
0.047,0.99232,0.45
0.046,0.99232,0.47
0.049,0.993,0.42
0.028,0.99311,0.56
0.033,0.99132,0.58
0.035,0.98993,0.42
0.033,0.99208,0.42
0.169,0.99776,0.64
0.053,0.99839,0.52
0.052,0.99574,0.56
0.041,0.99093,0.43
0.028,0.99156,0.59
0.047,0.99278,0.4
0.027,0.9924,0.43
0.034,0.98984,0.6
0.027,0.99035,0.6
0.027,0.9924,0.43
0.034,0.99165,0.68
0.037,0.9923,0.52
0.047,0.99278,0.4
0.028,0.99008,0.52
0.036,0.98964,0.41
0.028,0.99156,0.59
0.032,0.9909,0.5
0.034,0.98984,0.6
0.021,0.9889,0.53
0.018,0.99178,0.28
0.028,0.99076,0.34
0.021,0.9889,0.53
0.037,0.99046,0.53
0.029,0.98999,0.89
0.045,0.98946,0.94
0.03,0.98976,0.99
0.037,0.99046,0.53
0.04,0.99672,0.38
0.045,0.99482,0.4
0.027,0.98945,0.42
0.029,0.98883,0.39
0.039,0.99362,0.49
0.033,0.99075,0.43
0.039,0.99436,0.39
0.047,0.98988,0.53
0.032,0.99158,0.64
0.033,0.99265,0.45
0.042,0.99195,0.41
0.032,0.99168,0.55
0.04,0.9918,0.37
0.032,0.99313,0.39
0.035,0.9895,0.34
0.041,0.9932,0.35
0.054,0.99848,0.5
0.038,0.9909,0.86
0.044,0.99014,0.5
0.054,0.9952,0.57
0.055,0.99652,0.54
0.054,0.99848,0.5
0.032,0.99104,0.38
0.05,0.99772,0.46
0.031,0.9922,0.58
0.028,0.99076,0.59
0.036,0.99622,0.5
0.035,0.9902,0.52
0.034,0.99114,0.58
0.073,0.9938,0.46
0.047,0.99594,0.45
0.035,0.9902,0.52
0.031,0.99035,0.52
0.031,0.99032,0.52
0.031,0.99558,0.48
0.036,0.99622,0.5
0.028,0.99076,0.59
0.046,0.99413,0.38
0.041,0.99043,0.54
0.041,0.99043,0.54
0.053,0.98982,0.39
0.033,0.98934,0.45
0.019,0.9902,0.52
0.038,0.99449,0.41
0.032,0.99629,0.46
0.054,0.9948,0.57
0.014,0.98984,0.32
0.029,0.99326,0.49
0.046,0.99834,0.5
0.038,0.99555,0.5
0.028,0.98975,0.84
0.036,0.99216,0.31
0.036,0.99216,0.31
0.046,0.99834,0.5
0.041,0.9901,0.95
0.028,0.98975,0.84
0.038,0.99573,0.5
0.029,0.99326,0.49
0.028,0.99215,0.4
0.023,0.98993,0.3
0.03,0.99218,0.41
0.038,0.99555,0.5
0.039,0.99564,0.38
0.039,0.99564,0.38
0.036,0.99397,0.4
0.022,0.99576,0.61
0.037,0.99601,0.47
0.039,0.99564,0.38
0.036,0.99397,0.4
0.016,0.98713,0.59
0.026,0.99308,0.37
0.026,0.99308,0.37
0.049,0.99582,0.45
0.078,0.99494,0.36
0.042,0.9929,0.55
0.044,0.99471,0.53
0.041,0.9929,0.54
0.042,0.9929,0.55
0.036,0.99037,0.6
0.042,0.99304,0.44
0.034,0.99026,0.55
0.031,0.98986,0.56
0.044,0.99471,0.53
0.016,0.98951,0.54
0.04,0.99634,0.59
0.03,0.99368,0.54
0.112,0.99792,0.48
0.021,0.99026,0.48
0.044,0.99362,0.6
0.021,0.98919,0.49
0.051,0.99835,0.54
0.051,0.99835,0.54
0.021,0.99038,0.32
0.025,0.99104,0.44
0.021,0.99038,0.32
0.05,0.99286,0.43
0.039,0.99296,0.46
0.051,0.99835,0.54
0.056,0.9954,0.52
0.045,0.9914,0.47
0.026,0.99286,0.35
0.044,0.99604,0.51
0.044,0.99604,0.51
0.034,0.99119,0.3
0.016,0.99007,0.31
0.033,0.99507,0.39
0.05,0.99596,0.57
0.029,0.99011,0.34
0.037,0.99184,0.32
0.039,0.99469,0.45
0.039,0.99469,0.45
0.039,0.99406,0.45
0.034,0.99305,0.52
0.036,0.99096,0.41
0.032,0.98956,0.31
0.034,0.9921,0.46
0.038,0.99496,0.44
0.039,0.99406,0.45
0.039,0.99406,0.45
0.037,0.9888,0.37
0.034,0.98942,0.5
0.035,0.99082,0.58
0.025,0.98802,0.64
0.039,0.99406,0.45
0.039,0.99469,0.45
0.038,0.99496,0.44
0.034,0.9921,0.46
0.034,0.99305,0.52
0.034,0.99074,0.51
0.037,0.98968,0.36
0.036,0.99096,0.41
0.032,0.98956,0.31
0.03,0.9887,0.3
0.054,0.99941,0.64
0.061,0.99388,0.53
0.029,0.99206,0.47
0.026,0.99035,0.45
0.042,0.99581,0.55
0.04,0.9976,0.38
0.02,0.99362,0.44
0.042,0.99581,0.55
0.035,0.99016,0.34
0.037,0.99176,0.39
0.02,0.99362,0.44
0.029,0.99439,0.34
0.046,0.99458,0.48
0.05,0.99418,0.38
0.04,0.9976,0.38
0.042,0.99581,0.55
0.045,0.99178,0.63
0.024,0.99456,0.34
0.035,0.99578,0.45
0.05,0.99546,0.55
0.024,0.99518,0.48
0.024,0.99518,0.48
0.042,0.99646,0.41
0.036,0.99264,0.49
0.045,0.99578,0.5
0.042,0.99604,0.55
0.026,0.99014,0.5
0.054,0.99489,0.58
0.037,0.99884,0.57
0.027,0.99054,0.52
0.044,0.99782,0.4
0.045,0.99519,0.35
0.037,0.99882,0.57
0.037,0.99884,0.57
0.154,0.9931,0.43
0.044,0.99666,0.53
0.034,0.99324,0.57
0.027,0.99086,0.34
0.041,0.9908,0.44
0.023,0.99067,0.56
0.126,0.99711,0.57
0.039,0.99452,0.53
0.126,0.99711,0.57
0.043,0.9945,0.43
0.042,0.99427,0.47
0.036,0.99152,0.43
0.024,0.98935,0.4
0.016,0.98876,0.4
0.026,0.99174,0.84
0.045,0.99572,0.46
0.026,0.99184,0.5
0.046,0.99454,0.7
0.046,0.99454,0.7
0.03,0.99164,0.59
0.046,0.99454,0.7
0.038,0.99778,0.48
0.045,0.9975,0.42
0.038,0.99778,0.48
0.033,0.99205,0.43
0.033,0.98962,0.49
0.029,0.99118,0.5
0.03,0.99164,0.59
0.028,0.99274,0.43
0.041,0.99184,0.59
0.039,0.99052,0.43
0.042,0.99546,0.6
0.042,0.98972,0.46
0.039,0.9942,0.43
0.045,0.99572,0.46
0.028,0.99022,0.33
0.032,0.99253,0.81
0.026,0.99184,0.5
0.046,0.99454,0.7
0.029,0.9903,0.42
0.024,0.98906,0.52
0.03,0.99146,0.72
0.036,0.9951,0.42
0.024,0.98906,0.52
0.041,0.995,0.44
0.024,0.98876,0.39
0.031,0.98956,0.33
0.03,0.99146,0.72
0.04,0.99592,0.51
0.043,0.99129,0.53
0.045,0.99064,0.48
0.032,0.99368,0.54
0.032,0.99368,0.54
0.034,0.99121,0.6
0.045,0.99104,0.48
0.022,0.99221,0.39
0.033,0.98924,0.48
0.028,0.99176,0.54
0.038,0.99432,0.34
0.04,0.99366,0.38
0.045,0.99064,0.48
0.047,0.99178,0.48
0.045,0.99126,0.5
0.043,0.99129,0.53
0.047,0.99252,0.57
0.047,0.99709,0.53
0.054,0.99513,0.57
0.033,0.99045,0.62
0.036,0.99,0.43
0.043,0.99305,0.7
0.052,0.99888,0.47
0.04,0.99182,0.43
0.04,0.99182,0.43
0.034,0.9913,0.5
0.036,0.99,0.43
0.031,0.98836,0.64
0.027,0.9897,0.31
0.049,0.99586,0.47
0.043,0.99305,0.7
0.03,0.98892,0.37
0.037,0.99156,0.44
0.052,0.99888,0.47
0.052,0.99534,0.46
0.059,0.99322,0.46
0.043,0.99296,0.65
0.039,0.99098,0.62
0.039,0.98972,0.43
0.047,0.98964,0.43
0.061,0.99918,0.49
0.04,0.99182,0.43
0.034,0.99008,0.4
0.043,0.992,0.44
0.057,0.99851,0.51
0.04,0.99026,0.39
0.051,0.9906,0.4
0.042,0.99293,0.51
0.045,0.99658,0.42
0.057,0.99851,0.51
0.038,0.9911,0.36
0.045,0.9904,0.4
0.04,0.99026,0.39
0.039,0.99946,0.43
0.039,0.99946,0.43
0.039,0.99946,0.43
0.038,0.99568,0.47
0.039,0.99946,0.43
0.038,0.99568,0.47
0.027,0.9907,0.45
0.039,0.99946,0.43
0.035,0.99018,0.43
0.029,0.98994,0.42
0.03,0.99075,0.46
0.02,0.99212,0.44
0.033,0.99684,0.47
0.02,0.99212,0.44
0.019,0.99036,0.49
0.042,0.99456,0.39
0.023,0.98865,0.54
0.033,0.99684,0.47
0.02,0.99212,0.44
0.019,0.99036,0.49
0.024,0.99222,0.66
0.037,0.99022,0.45
0.031,0.99076,0.41
0.034,0.99144,0.43
0.019,0.98961,0.36
0.043,0.9936,0.58
0.036,0.99126,0.41
0.048,0.99044,0.35
0.042,0.99123,0.31
0.036,0.99123,0.32
0.038,0.9916,0.32
0.039,0.9959,0.31
0.048,0.99044,0.35
0.05,0.9931,0.4
0.051,0.99422,0.44
0.046,0.99194,0.35
0.027,0.98926,0.36
0.025,0.99306,0.37
0.038,0.99164,0.45
0.027,0.98926,0.36
0.04,0.98988,0.56
0.041,0.99268,0.43
0.046,0.99373,0.56
0.027,0.98939,0.37
0.055,0.99318,0.5
0.035,0.99196,0.36
0.026,0.98952,0.6
0.037,0.9911,0.37
0.025,0.99306,0.37
0.038,0.99164,0.45
0.036,0.99111,0.48
0.037,0.99321,0.52
0.044,0.99326,0.3
0.027,0.99124,0.37
0.044,0.99326,0.3
0.032,0.99214,0.53
0.031,0.9897,0.31
0.027,0.99124,0.37
0.022,0.98915,0.38
0.044,0.99326,0.3
0.035,0.99692,0.43
0.033,0.991,0.4
0.031,0.9913,0.8
0.045,0.99234,0.87
0.045,0.99402,0.58
0.04,0.99678,0.38
0.053,0.99458,0.52
0.043,0.99452,0.33
0.041,0.99033,0.35
0.041,0.9927,0.38
0.033,0.99002,0.48
0.104,0.99057,0.64
0.044,0.99127,0.45
0.053,0.99458,0.52
0.142,0.9927,0.44
0.036,0.98938,0.53
0.102,0.99001,0.57
0.034,0.99386,0.57
0.037,0.9899,0.68
0.043,0.99452,0.33
0.045,0.9913,0.27
0.041,0.98916,0.39
0.046,0.99276,0.5
0.055,0.99586,0.52
0.054,0.99556,0.49
0.047,0.99158,0.6
0.056,0.99548,0.43
0.038,0.99206,0.82
0.038,0.99412,0.34
0.035,0.99364,0.34
0.054,0.99338,0.47
0.045,0.9913,0.27
0.035,0.99123,0.33
0.039,0.99216,0.4
0.059,0.99328,0.37
0.034,0.99031,0.4
0.036,0.9908,0.52
0.036,0.98871,0.46
0.036,0.99119,0.62
0.034,0.99031,0.4
0.02,0.99146,0.22
0.059,0.99328,0.37
0.034,0.99245,0.46
0.037,0.99116,0.38
0.039,0.9921,0.4
0.039,0.99216,0.4
0.043,0.99162,0.54
0.043,0.99632,0.53
0.025,0.99082,0.33
0.029,0.9905,0.36
0.042,0.99177,0.5
0.045,0.9986,0.5
0.045,0.9986,0.5
0.045,0.9986,0.5
0.045,0.9986,0.5
0.045,0.9986,0.5
0.045,0.9986,0.5
0.03,0.98923,0.42
0.047,1.00014,0.5
0.03,0.99026,0.62
0.035,0.99358,0.44
0.041,0.99688,0.44
0.03,0.99407,0.42
0.043,0.99226,0.39
0.051,0.99097,0.53
0.061,0.9976,0.56
0.044,0.99166,0.38
0.044,0.99184,0.6
0.045,0.99135,0.6
0.038,0.99074,0.53
0.039,0.99193,0.59
0.043,0.99226,0.47
0.06,0.99142,0.49
0.057,0.99091,0.44
0.061,0.9976,0.56
0.065,0.99134,0.47
0.044,0.99166,0.38
0.051,0.98964,0.52
0.039,0.99229,0.67
0.184,0.99396,0.45
0.035,0.99148,0.23
0.046,0.9913,0.65
0.047,0.99126,0.64
0.046,0.9913,0.65
0.184,0.99396,0.45
0.044,0.99562,0.48
0.043,0.99128,0.38
0.044,0.98896,0.32
0.046,0.99558,0.48
0.04,0.98961,0.57
0.043,0.99338,0.56
0.046,0.99558,0.48
0.044,0.99562,0.48
0.047,0.99572,0.45
0.039,0.99056,0.44
0.029,0.99146,0.34
0.043,0.99128,0.38
0.044,0.98896,0.32
0.032,0.99172,0.32
0.032,0.99012,0.36
0.033,0.98912,0.42
0.022,0.98902,0.54
0.033,0.98912,0.42
0.037,0.99395,0.38
0.039,0.99539,0.43
0.039,0.99129,0.44
0.048,0.98956,0.46
0.047,0.9916,0.59
0.032,0.98889,0.64
0.042,0.99012,0.37
0.058,0.99833,0.54
0.036,0.98853,0.49
0.036,0.98942,0.48
0.043,0.99266,0.47
0.042,0.98962,0.75
0.047,0.99168,0.49
0.05,0.9968,0.54
0.04,0.98934,0.5
0.039,0.98995,0.52
0.037,0.991,0.5
0.047,0.99152,0.51
0.035,0.99048,0.38
0.042,0.99204,0.42
0.036,0.99202,0.68
0.038,0.9906,0.42
0.049,0.99091,0.5
0.048,0.99472,0.52
0.046,0.99452,0.52
0.059,0.99177,0.41
0.047,0.9934,0.55
0.034,0.99082,0.41
0.048,0.99784,0.6
0.048,0.99784,0.6
0.048,0.99784,0.6
0.046,0.99665,0.39
0.05,0.99422,0.47
0.048,0.98999,0.54
0.05,0.99422,0.47
0.059,0.99254,0.42
0.048,0.99782,0.6
0.048,0.99784,0.6
0.058,0.9952,0.51
0.057,0.99519,0.5
0.055,0.99384,0.52
0.046,0.99665,0.39
0.047,0.99596,0.5
0.06,0.9935,0.59
0.034,0.98862,0.38
0.034,0.99151,0.39
0.032,0.9922,0.38
0.038,0.99426,0.57
0.026,0.99168,0.53
0.048,0.99556,0.37
0.033,0.99356,0.42
0.034,0.99151,0.39
0.032,0.9922,0.38
0.033,0.99072,0.53
0.047,0.99596,0.5
0.06,0.9935,0.59
0.034,0.98862,0.38
0.033,0.98954,0.38
0.033,0.99076,0.49
0.032,0.9889,0.42
0.033,0.98794,0.43
0.041,0.99207,0.45
0.039,0.99355,0.55
0.033,0.98794,0.43
0.032,0.9889,0.42
0.051,0.99336,0.5
0.034,0.98882,0.43
0.045,0.99341,0.44
0.047,0.997,0.53
0.041,0.99207,0.45
0.05,0.99174,0.55
0.03,0.99042,0.42
0.046,0.9984,0.43
0.04,0.99111,0.48
0.045,0.9933,0.44
0.04,0.99111,0.48
0.046,0.99316,0.55
0.044,0.9946,0.56
0.037,0.99,0.45
0.03,0.99042,0.42
0.046,0.9984,0.43
0.096,0.99016,0.54
0.026,0.99381,0.55
0.026,0.99144,0.37
0.026,0.99139,0.38
0.036,0.9919,0.37
0.03,0.99192,0.42
0.048,0.99576,0.53
0.047,0.9958,0.54
0.032,0.9951,0.47
0.042,0.99304,0.47
0.052,0.99657,0.65
0.037,0.99268,0.49
0.054,0.99392,0.51
0.028,0.99242,0.47
0.054,0.99392,0.51
0.024,0.9925,0.49
0.034,0.99092,0.52
0.037,0.99137,0.5
0.037,0.99268,0.49
0.052,0.99657,0.65
0.041,0.99642,0.49
0.051,0.9916,0.43
0.032,0.99458,0.45
0.036,0.99373,0.57
0.042,0.99586,0.51
0.05,0.99942,0.75
0.032,0.99458,0.45
0.031,0.9895,0.43
0.032,0.9963,0.51
0.03,0.9892,0.6
0.032,0.9963,0.51
0.031,0.9895,0.43
0.06,1.00196,0.44
0.059,0.99036,0.56
0.026,0.989,0.64
0.051,0.99947,0.78
0.034,0.9916,0.71
0.047,0.99945,0.78
0.047,0.99945,0.78
0.039,0.99375,0.5
0.034,0.9916,0.71
0.051,0.99947,0.78
0.047,0.99945,0.78
0.047,0.99946,0.77
0.044,0.99153,0.35
0.037,0.98834,0.59
0.076,0.99138,0.39
0.034,0.98928,0.33
0.041,0.99246,0.85
0.052,0.99576,0.45
0.057,0.99956,0.53
0.052,0.99576,0.45
0.04,0.99026,0.66
0.04,0.99174,0.53
0.035,0.99058,0.33
0.042,0.9905,0.32
0.057,0.99956,0.53
0.033,0.99192,0.71
0.057,0.99554,0.44
0.044,0.99536,0.36
0.034,0.99056,0.46
0.033,0.99192,0.71
0.029,0.99112,0.43
0.029,0.99112,0.43
0.047,0.99616,0.7
0.038,0.99266,0.49
0.033,0.98918,0.35
0.031,0.98926,0.38
0.042,0.99114,0.52
0.037,0.9912,0.41
0.027,0.98936,0.78
0.056,0.9983,0.3
0.055,0.99532,0.56
0.042,0.99189,0.59
0.04,0.99,0.45
0.035,0.98914,0.39
0.046,0.99537,0.51
0.04,0.99,0.45
0.04,0.99,0.45
0.047,0.99742,0.45
0.031,0.98884,0.34
0.056,0.9983,0.3
0.042,0.99189,0.59
0.055,0.99532,0.56
0.045,0.99284,0.59
0.038,0.99026,0.6
0.064,0.99297,0.5
0.06,0.99711,0.56
0.032,0.98934,0.26
0.037,0.9913,0.44
0.06,0.99711,0.56
0.039,0.98964,0.57
0.038,0.99026,0.6
0.047,0.992,0.45
0.033,0.98944,0.27
0.035,0.99031,0.27
0.032,0.98934,0.26
0.056,0.99393,0.52
0.039,0.9904,0.39
0.064,0.99297,0.5
0.036,0.99088,0.46
0.041,0.99254,0.47
0.037,0.9913,0.44
0.057,0.99158,0.32
0.036,0.99408,0.44
0.036,0.99408,0.44
0.042,0.99473,0.52
0.042,0.98998,0.37
0.038,0.99146,0.54
0.032,0.99742,0.5
0.052,0.99273,0.53
0.036,0.98922,0.4
0.036,0.99408,0.44
0.042,0.99473,0.52
0.054,0.99869,0.57
0.04,0.9896,0.48
0.029,0.99108,0.64
0.031,0.99134,0.68
0.042,0.99385,0.57
0.036,0.98936,0.44
0.054,0.99869,0.57
0.046,0.99606,0.55
0.041,0.99508,0.56
0.046,0.99038,0.51
0.043,0.99158,0.68
0.032,0.9932,0.43
0.03,0.99164,0.41
0.031,0.98987,0.62
0.044,0.98947,0.53
0.036,0.98819,0.42
0.05,0.99133,0.52
0.038,0.99143,0.43
0.048,0.99571,0.3
0.038,0.99139,0.5
0.048,0.99537,0.46
0.048,0.99571,0.3
0.028,0.99186,0.4
0.028,0.99186,0.4
0.024,0.98984,0.35
0.053,0.9963,0.32
0.036,0.99312,0.25
0.034,0.9897,0.38
0.046,0.9955,0.53
0.048,0.99528,0.48
0.036,0.99279,0.78
0.045,0.99704,0.37
0.046,0.9955,0.53
0.048,0.99528,0.48
0.032,0.9914,0.39
0.146,0.99224,0.51
0.029,0.99074,0.44
0.031,0.98892,0.33
0.024,0.98959,0.37
0.03,0.99212,0.33
0.036,0.99576,0.48
0.031,0.9919,0.53
0.031,0.9919,0.53
0.039,1.00037,0.48
0.036,0.99576,0.48
0.039,1.00037,0.48
0.029,0.992,0.45
0.031,0.9919,0.53
0.022,0.99218,0.67
0.044,0.99855,0.48
0.044,0.99855,0.48
0.044,0.99855,0.48
0.023,0.99062,0.36
0.042,0.99362,0.6
0.037,0.99324,0.48
0.023,0.99062,0.36
0.044,0.99855,0.48
0.031,0.99098,0.36
0.032,0.99036,0.62
0.05,0.99398,0.35
0.028,0.9903,0.33
0.05,0.99398,0.35
0.032,0.99036,0.62
0.036,0.99406,0.36
0.029,0.9906,0.41
0.031,0.99089,0.39
0.035,0.99096,0.72
0.036,0.99406,0.36
0.031,0.99089,0.39
0.033,0.9936,0.51
0.029,0.9906,0.41
0.027,0.9911,0.48
0.036,0.99396,0.52
0.027,0.99089,0.45
0.048,0.9968,0.56
0.035,0.99138,0.59
0.038,0.99098,0.37
0.028,0.99238,0.37
0.026,0.99244,0.35
0.023,0.99176,0.49
0.037,0.98993,0.46
0.041,0.9929,0.53
0.028,0.99238,0.37
0.032,0.98988,0.37
0.044,0.992,0.44
0.042,0.99784,0.5
0.042,0.99784,0.5
0.042,0.99784,0.5
0.037,0.99006,0.68
0.053,0.99211,0.45
0.043,0.99202,0.44
0.044,0.992,0.44
0.049,0.99332,0.44
0.031,0.98958,0.4
0.034,0.98939,0.52
0.042,0.99492,0.37
0.033,0.99043,0.56
0.053,0.99787,0.57
0.049,0.99654,0.35
0.039,0.99304,0.61
0.038,0.9952,0.6
0.027,0.99165,0.6
0.017,0.9892,0.36
0.056,0.99628,0.47
0.047,0.99604,0.6
0.047,0.99164,0.54
0.044,0.998,0.46
0.044,0.998,0.46
0.056,0.99628,0.47
0.047,0.99164,0.54
0.046,0.99226,0.55
0.044,0.998,0.46
0.047,0.99604,0.6
0.037,0.98914,0.36
0.041,0.99794,0.54
0.041,0.99048,0.5
0.044,0.99726,0.56
0.031,1.00295,0.42
0.04,0.99278,0.75
0.044,0.99726,0.56
0.037,0.98914,0.36
0.031,1.00295,0.42
0.029,0.99054,0.27
0.041,0.99794,0.54
0.041,0.99048,0.5
0.117,0.99459,0.43
0.117,0.99459,0.43
0.118,0.9946,0.43
0.036,0.99362,0.38
0.036,0.99362,0.38
0.045,0.99966,0.47
0.036,0.99362,0.38
0.021,0.99442,0.38
0.02,0.98918,0.38
0.02,0.99089,0.75
0.018,0.99474,0.49
0.014,0.99008,0.66
0.017,0.99348,0.44
0.047,0.99283,0.56
0.052,0.99398,0.88
0.052,0.99398,0.88
0.047,0.99283,0.56
0.046,0.9908,0.54
0.039,0.99165,0.44
0.031,0.99076,0.52
0.037,0.98942,0.66
0.032,0.99244,0.37
0.035,0.99058,0.47
0.037,0.99255,0.59
0.06,0.99916,0.48
0.036,0.99306,0.61
0.06,0.99916,0.48
0.047,0.99498,0.44
0.038,0.99,0.27
0.03,0.99338,0.46
0.035,0.99456,0.34
0.043,0.9926,0.42
0.036,0.98856,0.53
0.032,0.98946,0.57
0.049,0.99346,0.47
0.05,0.99268,0.48
0.034,0.98944,0.54
0.035,0.98976,0.34
0.036,0.98856,0.53
0.038,0.99523,0.56
0.032,0.98946,0.57
0.03,0.99402,0.36
0.029,0.98916,0.55
0.044,0.99655,0.52
0.025,0.99071,0.32
0.032,0.98889,0.35
0.029,0.98742,0.4
0.053,0.99336,0.55
0.049,0.992,0.43
0.029,0.98742,0.4
0.032,0.99275,0.44
0.085,1.00044,0.51
0.037,0.99444,0.37
0.044,0.99742,0.78
0.027,0.99228,0.34
0.051,0.99058,0.75
0.044,0.99742,0.78
0.028,0.99164,0.63
0.044,0.99742,0.78
0.087,0.99438,0.5
0.03,0.99402,0.34
0.04,0.99128,0.56
0.027,0.99228,0.34
0.027,0.991,0.31
0.027,0.9931,0.41
0.037,0.99444,0.37
0.028,0.99164,0.63
0.085,1.00044,0.51
0.053,0.99112,0.68
0.051,0.99058,0.75
0.044,0.99742,0.78
0.036,0.98961,0.74
0.087,0.99438,0.5
0.076,0.99344,0.52
0.05,0.99904,0.5
0.05,0.99884,0.53
0.05,0.99884,0.53
0.05,0.99884,0.53
0.05,0.99884,0.53
0.037,0.98949,0.5
0.041,0.99014,0.44
0.088,0.99786,0.47
0.039,0.99206,0.44
0.02,0.98722,0.34
0.05,0.99884,0.53
0.045,0.99666,0.54
0.049,0.99754,0.51
0.028,0.99272,0.36
0.036,0.99712,0.48
0.041,0.99104,0.35
0.053,0.99373,0.52
0.05,0.99904,0.5
0.038,0.9956,0.48
0.024,0.99095,0.6
0.068,0.99382,0.62
0.069,0.99382,0.62
0.036,0.99299,0.44
0.051,0.99048,0.66
0.028,0.99254,0.34
0.03,0.9902,0.34
0.036,0.99299,0.44
0.028,0.99012,0.41
0.044,0.99293,0.45
0.035,1.00022,0.53
0.041,0.99382,0.35
0.044,0.99293,0.45
0.029,0.98954,0.68
0.042,0.99936,0.45
0.16,0.9884,0.33
0.026,0.99144,0.79
0.167,0.99324,0.51
0.034,0.99174,0.35
0.051,0.99792,0.39
0.051,0.99792,0.39
0.051,0.99792,0.39
0.051,0.99792,0.39
0.051,0.99792,0.39
0.051,0.99792,0.39
0.051,0.99792,0.39
0.04,0.99043,0.4
0.07,0.99654,0.42
0.055,0.99758,0.51
0.051,0.99374,0.59
0.051,0.99792,0.39
0.039,0.99243,0.5
0.04,0.99216,0.46
0.042,0.99215,0.46
0.026,0.98953,0.77
0.015,0.99278,0.39
0.039,0.99243,0.5
0.04,0.99216,0.46
0.042,0.99215,0.46
0.015,0.99278,0.39
0.016,0.99186,0.39
0.028,0.99072,0.37
0.025,0.99244,0.52
0.017,0.99084,0.37
0.026,0.98953,0.77
0.033,0.99754,0.49
0.033,0.99754,0.49
0.033,0.99754,0.49
0.035,0.99567,0.38
0.033,0.99754,0.49
0.014,0.99094,0.65
0.042,0.99532,0.42
0.035,0.99567,0.38
0.009,0.9874,0.37
0.04,0.99794,0.58
0.018,0.99122,0.32
0.04,0.99226,0.57
0.018,0.99122,0.32
0.022,0.99099,0.57
0.022,0.99134,0.7
0.04,0.99794,0.58
0.02,0.99338,0.29
0.018,0.9938,0.29
0.05,0.9955,0.48
0.064,0.99776,0.49
0.027,0.98964,0.4
0.037,0.99808,0.34
0.043,0.99551,0.48
0.044,0.99548,0.48
0.047,0.99541,0.47
0.05,0.9955,0.48
0.051,0.99536,0.47
0.043,0.99524,0.58
0.049,0.9961,0.55
0.046,0.99224,0.48
0.064,0.99776,0.49
0.056,0.99702,0.39
0.098,0.99657,0.47
0.057,0.99176,0.52
0.042,0.99166,0.57
0.036,0.99242,0.73
0.033,0.99109,0.51
0.057,0.99176,0.52
0.042,0.99278,0.4
0.036,0.99242,0.73
0.033,0.99109,0.51
0.098,0.99657,0.47
0.041,0.99358,0.59
0.042,0.99358,0.59
0.042,0.99278,0.4
0.06,0.99705,0.52
0.052,0.9912,0.52
0.057,0.99176,0.52
0.042,0.99166,0.57
0.049,0.99677,0.49
0.042,0.99172,0.33
0.045,0.9953,0.59
0.036,0.99186,0.44
0.034,0.99188,0.4
0.034,0.99188,0.4
0.039,0.99158,0.38
0.042,0.99522,0.56
0.033,0.99176,0.64
0.052,0.99558,0.48
0.042,0.9911,0.56
0.034,0.99016,0.54
0.034,0.99188,0.4
0.053,0.98956,0.39
0.036,0.99186,0.44
0.035,0.99062,0.57
0.034,0.99274,0.28
0.086,0.993,0.44
0.086,0.993,0.44
0.058,0.9978,0.37
0.052,0.9946,0.62
0.052,0.99429,0.48
0.05,0.99002,0.45
0.05,0.99002,0.45
0.052,0.9946,0.62
0.052,0.99429,0.48
0.028,0.9909,0.36
0.036,0.99294,0.56
0.032,0.99044,0.43
0.028,0.98958,0.5
0.028,0.9909,0.36
0.055,0.9986,0.54
0.023,0.99262,0.35
0.055,0.9986,0.54
0.194,0.99212,0.46
0.047,0.99628,0.64
0.023,0.99262,0.35
0.03,0.98913,0.33
0.037,0.99021,0.49
0.031,0.99198,0.73
0.03,0.99226,0.68
0.032,0.99159,0.38
0.037,0.99021,0.49
0.049,0.99224,0.55
0.039,0.99068,0.31
0.048,0.99587,0.37
0.048,0.99587,0.37
0.054,0.99728,0.47
0.045,0.99364,0.34
0.045,0.99364,0.34
0.038,0.99018,0.53
0.04,0.98968,0.56
0.048,0.99178,0.55
0.048,0.99587,0.37
0.056,0.9961,0.36
0.054,0.99728,0.47
0.055,0.99534,0.4
0.045,0.99364,0.34
0.054,0.99864,0.49
0.094,0.99776,0.51
0.062,0.99545,0.5
0.057,0.99299,0.44
0.059,0.99665,0.38
0.053,0.99069,0.5
0.069,0.99692,0.49
0.054,0.99324,0.28
0.047,0.99896,0.45
0.047,0.99896,0.45
0.049,0.99226,0.52
0.045,0.99226,0.55
0.047,0.99896,0.45
0.029,0.99076,0.63
0.045,0.99226,0.55
0.029,0.99076,0.63
0.047,0.99896,0.45
0.046,0.9951,0.37
0.043,0.99234,0.31
0.049,0.99226,0.52
0.036,0.99368,0.39
0.044,0.9937,0.39
0.031,0.99151,0.46
0.021,0.99021,0.45
0.038,0.99479,0.56
0.035,0.9954,0.57
0.035,0.99176,0.55
0.036,0.99368,0.39
0.044,0.9937,0.39
0.013,0.99246,0.36
0.144,0.9908,0.64
0.071,0.98994,0.38
0.036,0.98746,0.83
0.036,0.99028,0.63
0.036,0.99028,0.63
0.038,0.98867,0.36
0.037,0.99174,0.43
0.037,0.99174,0.43
0.04,0.99021,0.27
0.149,0.99304,0.42
0.036,0.99028,0.63
0.054,0.99154,0.48
0.037,0.99174,0.43
0.036,0.98746,0.83
0.04,0.99021,0.27
0.056,0.9956,0.52
0.037,0.98779,0.4
0.035,0.98836,0.4
0.05,0.99138,0.53
0.057,0.99751,0.57
0.038,0.98867,0.36
0.045,0.99249,0.39
0.045,0.99249,0.39
0.031,0.99239,0.31
0.056,0.99512,0.33
0.046,0.99098,0.31
0.063,0.99872,0.56
0.063,0.99872,0.56
0.03,0.98894,0.41
0.036,0.988245,0.41
0.05,0.99326,0.6
0.039,0.99328,0.52
0.04,0.99222,0.53
0.046,0.99898,0.56
0.042,0.99486,0.61
0.185,0.99528,0.42
0.04,0.99062,0.6
0.048,0.99282,0.6
0.053,0.996,0.5
0.068,0.99138,0.4
0.053,0.99166,0.47
0.046,0.99408,0.58
0.048,0.99281,0.6
0.048,0.99282,0.6
0.042,0.98964,0.42
0.042,0.98952,0.44
0.045,0.99469,0.45
0.053,0.996,0.5
0.068,0.99138,0.4
0.066,0.9991,0.51
0.043,0.99047,0.47
0.038,0.99178,0.54
0.066,0.9991,0.51
0.043,0.99047,0.47
0.05,0.99207,0.46
0.026,0.99152,0.48
0.048,0.99438,0.41
0.048,0.99438,0.41
0.04,0.99622,0.54
0.084,0.99773,0.51
0.032,0.99088,0.53
0.044,0.99108,0.44
0.056,0.99803,0.52
0.05,0.99304,0.55
0.048,0.99438,0.41
0.049,0.99548,0.54
0.049,0.99551,0.51
0.034,0.99152,0.49
0.035,0.99572,0.49
0.034,0.99152,0.49
0.175,0.99244,0.56
0.049,0.99548,0.54
0.049,0.99551,0.51
0.033,0.9903,0.81
0.025,0.99162,0.65
0.03,0.99116,0.38
0.04,0.9922,0.59
0.034,0.99223,0.59
0.035,0.99481,0.4
0.036,0.9928,0.76
0.033,0.9903,0.81
0.043,0.99429,0.42
0.025,0.99162,0.65
0.044,0.99454,0.37
0.044,0.99454,0.37
0.048,0.99863,0.71
0.048,0.991,0.43
0.044,0.99454,0.37
0.048,0.99863,0.71
0.06,0.99317,0.39
0.041,0.99173,0.57
0.048,0.99455,0.54
0.048,0.99455,0.54
0.038,0.99186,0.72
0.048,0.99455,0.54
0.041,0.98944,0.39
0.053,0.9942,0.98
0.053,0.9942,0.98
0.053,0.9942,0.98
0.062,0.99238,0.4
0.052,0.99782,0.45
0.047,0.99111,0.72
0.042,0.99067,0.5
0.047,0.99111,0.72
0.037,0.98878,0.58
0.062,0.99238,0.4
0.052,0.99782,0.45
0.054,0.9938,0.57
0.044,0.99143,0.6
0.041,0.98944,0.39
0.053,0.9942,0.98
0.051,0.99588,0.56
0.054,1.00038,0.61
0.054,0.99424,0.5
0.055,0.99626,0.52
0.037,0.99076,0.51
0.054,1.00038,0.61
0.054,0.99424,0.5
0.056,0.99536,0.46
0.062,0.99318,0.4
0.055,0.99626,0.52
0.033,0.99726,0.79
0.046,0.99126,0.56
0.029,0.98998,0.6
0.033,0.99726,0.79
0.052,0.99304,0.54
0.029,0.9892,0.46
0.031,0.99296,0.46
0.023,0.99047,0.38
0.06,0.9924,0.41
0.034,0.9989,0.53
0.021,0.99338,0.62
0.034,0.9989,0.53
0.032,0.99404,0.58
0.041,0.99287,0.48
0.044,0.99286,0.46
0.06,0.9924,0.41
0.033,0.99058,0.47
0.052,0.9934,0.5
0.053,0.99545,0.52
0.05,0.9984,0.43
0.05,0.9984,0.43
0.05,0.9984,0.43
0.05,0.9984,0.43
0.05,0.99971,0.43
0.038,0.99546,0.63
0.038,0.99546,0.63
0.034,0.99058,0.58
0.05,0.9984,0.43
0.028,0.99314,0.38
0.053,0.99545,0.52
0.05,0.9984,0.43
0.05,0.99971,0.43
0.028,0.99314,0.38
0.032,0.99565,0.51
0.036,0.99056,0.54
0.038,0.99546,0.63
0.034,0.99058,0.58
0.048,0.99362,0.42
0.048,0.99362,0.42
0.036,0.99196,0.49
0.09,0.99255,0.41
0.032,0.99027,0.42
0.029,0.99302,0.78
0.057,0.99257,0.36
0.062,0.99506,0.72
0.057,0.99257,0.36
0.049,0.9952,0.37
0.048,0.99498,0.51
0.048,0.9903,0.46
0.043,0.99706,0.82
0.054,0.99398,0.39
0.06,0.99588,0.38
0.049,0.99691,0.45
0.05,0.99608,0.46
0.044,0.99142,0.59
0.044,0.99138,0.57
0.052,0.99432,0.38
0.05,0.99592,0.5
0.049,0.99691,0.45
0.046,0.99432,0.53
0.052,0.99266,0.44
0.048,0.99456,0.3
0.048,0.9915,0.45
0.058,0.99322,0.38
0.059,0.9927,0.38
0.047,0.99173,0.46
0.098,0.99412,0.49
0.07,0.99666,0.46
0.057,0.99425,0.36
0.059,0.99314,0.4
0.11,0.99672,0.41
0.03,0.99024,0.58
0.11,0.99672,0.41
0.054,0.99366,0.55
0.057,0.99425,0.36
0.046,0.99299,0.38
0.059,0.99314,0.4
0.037,0.99528,0.38
0.057,0.99568,0.42
0.057,0.99568,0.42
0.03,0.99062,0.38
0.035,0.99058,0.36
0.039,0.99059,0.47
0.041,0.99119,0.62
0.037,0.99727,0.38
0.035,0.99021,0.38
0.043,0.99238,0.76
0.053,0.99164,0.38
0.04,0.99006,0.56
0.041,0.99078,0.56
0.041,0.99036,0.57
0.046,0.99123,0.45
0.041,0.98978,0.45
0.069,0.99908,0.5
0.069,0.99908,0.5
0.046,0.99022,0.34
0.046,0.99024,0.31
0.049,0.9973,0.44
0.054,0.99853,0.6
0.059,0.99769,0.56
0.095,0.98954,0.63
0.052,0.98974,0.5
0.048,0.99382,0.54
0.047,0.99383,0.54
0.059,0.99538,0.56
0.054,0.99734,0.56
0.02,0.98981,0.29
0.032,0.99095,0.62
0.048,0.9964,0.36
0.048,0.9964,0.36
0.04,0.99411,0.31
0.038,0.9915,0.34
0.046,0.99234,0.73
0.035,0.99016,0.48
0.048,0.9964,0.36
0.041,0.98949,0.39
0.054,0.99287,0.54
0.052,0.99544,0.58
0.052,0.99544,0.58
0.051,0.9941,0.53
0.055,0.994,0.35
0.052,0.99544,0.58
0.052,0.99546,0.58
0.064,0.99737,0.41
0.054,0.99287,0.54
0.055,0.99767,0.53
0.038,0.98711,0.29
0.046,0.99714,0.61
0.032,0.99134,0.67
0.055,0.99767,0.53
0.049,0.9927,0.45
0.048,0.9948,0.45
0.049,0.9927,0.45
0.047,0.99481,0.44
0.056,0.99825,0.44
0.056,0.99825,0.44
0.056,0.99825,0.44
0.056,0.99825,0.44
0.056,0.99825,0.44
0.056,0.99825,0.44
0.061,0.99192,0.46
0.063,0.99184,0.5
0.05,0.99019,0.48
0.044,0.98998,0.37
0.04,0.98886,0.4
0.039,0.98998,0.41
0.035,0.98949,0.36
0.056,0.99825,0.44
0.04,0.99009,0.66
0.06,0.99252,0.57
0.174,0.99288,0.5
0.05,0.99659,0.58
0.048,0.99133,0.54
0.049,0.99324,0.69
0.037,0.99164,0.66
0.038,0.99107,0.42
0.052,0.9986,0.69
0.053,0.99708,0.5
0.039,0.99163,0.52
0.055,0.99605,0.65
0.041,0.99065,0.61
0.04,0.9903,0.64
0.052,0.9986,0.69
0.043,0.99236,0.68
0.037,0.98948,0.5
0.048,0.99045,0.62
0.097,0.9939,0.46
0.04,0.98985,0.33
0.05,0.99138,0.45
0.044,0.99348,0.33
0.045,0.99066,0.44
0.044,0.99348,0.33
0.04,0.98862,0.38
0.036,0.98865,0.35
0.053,0.99472,0.53
0.049,0.99792,0.45
0.045,0.99066,0.44
0.044,0.99035,0.43
0.033,0.99086,0.34
0.044,0.99013,0.46
0.054,0.99266,0.43
0.044,0.99517,0.5
0.033,0.99086,0.34
0.05,0.99666,0.41
0.036,0.991,0.56
0.023,0.99068,0.51
0.024,0.99084,0.6
0.05,0.9939,0.54
0.041,0.99624,0.49
0.052,0.99602,0.39
0.142,0.9926,0.52
0.056,0.99718,0.5
0.056,0.99718,0.5
0.056,0.99718,0.5
0.06,0.99344,0.34
0.041,0.99184,0.74
0.056,0.99718,0.5
0.046,0.99033,0.53
0.038,0.99248,0.29
0.06,0.99344,0.34
0.029,0.99076,0.48
0.029,0.99092,0.44
0.056,0.99486,0.56
0.056,0.99464,0.61
0.047,0.99235,0.53
0.048,0.99612,0.56
0.046,0.99202,0.68
0.045,0.99261,0.63
0.066,0.98964,0.42
0.036,0.99206,0.35
0.052,0.9938,0.46
0.05,0.99204,0.47
0.04,0.99736,0.5
0.04,0.99736,0.5
0.03,0.99192,0.68
0.04,0.99736,0.5
0.041,0.99002,0.98
0.042,0.996,0.4
0.034,0.99237,0.59
0.037,0.99214,0.74
0.019,0.99041,0.47
0.038,0.9982,0.48
0.037,0.99822,0.5
0.023,0.9893,0.54
0.145,0.99274,0.56
0.04,0.99105,0.45
0.044,0.99209,0.43
0.053,0.99676,0.35
0.047,0.99251,0.43
0.053,0.99676,0.35
0.036,0.99082,0.54
0.058,0.99567,0.46
0.051,0.99416,0.41
0.051,0.99416,0.41
0.033,0.9887,0.35
0.034,0.98871,0.34
0.036,0.99248,0.44
0.038,0.99184,0.4
0.042,0.98952,0.41
0.036,0.99267,0.47
0.036,0.99269,0.46
0.042,0.98912,0.37
0.038,0.99184,0.4
0.042,0.98952,0.41
0.044,0.9895,0.41
0.04,0.98999,0.36
0.045,0.9981,0.53
0.041,0.995,0.5
0.043,0.99848,0.54
0.044,0.99862,0.46
0.044,0.99862,0.46
0.044,0.99862,0.46
0.044,0.99862,0.46
0.027,0.98886,0.45
0.054,0.99474,0.5
0.04,0.99126,0.45
0.04,0.99691,0.38
0.044,0.99862,0.46
0.059,0.99773,0.5
0.059,0.99773,0.5
0.049,0.9928,0.42
0.049,0.9928,0.42
0.049,0.9928,0.42
0.049,0.9928,0.42
0.046,0.99288,0.43
0.03,0.99202,0.54
0.048,0.99606,0.49
0.059,0.99773,0.5
0.045,0.99922,0.76
0.041,0.99296,0.55
0.045,0.99922,0.76
0.046,0.99468,0.55
0.045,0.99922,0.76
0.041,0.99296,0.55
0.037,0.99388,0.49
0.038,0.99315,0.46
0.208,0.99478,0.4
0.209,0.99478,0.4
0.105,0.99692,0.58
0.034,0.99616,0.52
0.043,0.9902,0.31
0.044,0.9921,0.59
0.044,0.99462,0.58
0.05,0.99476,0.37
0.039,0.99178,0.57
0.036,0.99081,0.61
0.038,0.99198,0.71
0.054,0.99545,0.39
0.046,0.98997,0.31
0.043,0.9902,0.31
0.04,0.99089,0.65
0.035,0.99172,0.39
0.035,0.9901,0.44
0.086,0.99681,0.4
0.038,0.9893,0.47
0.035,0.99172,0.39
0.035,0.9901,0.44
0.056,0.99527,0.5
0.036,0.99445,0.33
0.042,0.99198,0.68
0.037,0.99085,0.3
0.043,0.99033,0.41
0.054,0.99538,0.5
0.052,0.99627,0.52
0.054,0.99538,0.5
0.043,0.99433,0.53
0.054,0.9954,0.49
0.054,0.99538,0.5
0.052,0.99627,0.52
0.057,0.99807,0.41
0.057,0.99807,0.41
0.057,0.99807,0.41
0.057,0.99807,0.41
0.057,0.99807,0.41
0.057,0.99807,0.41
0.057,0.99807,0.41
0.044,0.99232,0.64
0.057,0.99807,0.41
0.054,0.99788,0.62
0.052,0.99108,0.69
0.024,0.99234,0.58
0.176,0.99288,0.43
0.034,0.99195,0.54
0.176,0.99288,0.43
0.034,0.99121,0.56
0.042,0.99839,0.47
0.108,0.99738,0.57
0.015,0.98963,0.59
0.039,0.98946,0.38
0.054,0.99178,0.47
0.064,0.99136,0.42
0.049,0.99323,0.45
0.039,0.98946,0.38
0.046,0.99313,0.51
0.04,0.9912,0.52
0.05,0.99504,0.48
0.062,0.99461,0.44
0.054,0.99178,0.47
0.039,0.99008,0.65
0.039,0.98959,0.37
0.048,0.99663,0.4
0.041,0.99334,0.34
0.063,0.99561,0.41
0.035,0.98959,0.42
0.048,0.99663,0.4
0.041,0.99418,0.3
0.041,0.99334,0.34
0.096,0.9937,0.44
0.053,0.99372,0.56
0.038,0.99157,0.37
0.043,0.98918,0.44
0.051,0.9932,0.5
0.041,0.99235,0.54
0.042,0.99373,0.53
0.035,0.9914,0.76
0.041,0.99494,0.51
0.042,0.99373,0.53
0.05,0.99332,0.5
0.058,0.99198,0.49
0.041,0.99142,0.53
0.035,0.9914,0.76
0.05,0.99542,0.48
0.05,0.99542,0.48
0.043,0.9924,0.52
0.039,0.99112,0.75
0.036,0.99534,0.36
0.04,0.99338,0.31
0.057,0.99804,0.51
0.048,0.99899,0.77
0.057,0.99804,0.51
0.047,0.99724,0.35
0.046,0.99526,0.35
0.051,0.99676,0.67
0.053,0.99699,0.6
0.053,0.99699,0.6
0.053,0.99699,0.6
0.051,0.99676,0.67
0.053,0.99699,0.6
0.041,0.99461,0.96
0.043,0.99116,0.41
0.066,0.99362,0.42
0.044,0.99512,0.36
0.044,0.99512,0.36
0.037,0.9895,0.36
0.046,0.99043,0.47
0.044,0.99512,0.36
0.037,0.9895,0.36
0.069,0.99391,0.46
0.039,0.98963,0.58
0.041,0.99335,0.52
0.039,0.98963,0.58
0.041,0.99335,0.52
0.061,0.99824,0.5
0.069,0.99391,0.46
0.04,0.9917,0.48
0.047,0.99906,0.46
0.047,0.99906,0.46
0.047,0.99906,0.46
0.047,0.99906,0.46
0.04,0.9917,0.48
0.04,0.9917,0.48
0.047,0.99906,0.46
0.045,0.99415,0.49
0.047,0.99418,0.49
0.044,0.99611,0.58
0.038,0.99124,0.42
0.042,0.99179,0.47
0.051,0.99886,0.39
0.043,0.98924,0.47
0.03,0.99045,0.38
0.06,0.9969,0.44
0.045,0.99196,0.53
0.051,0.99339,0.56
0.051,0.99224,0.58
0.051,0.99339,0.56
0.046,0.99184,0.39
0.048,0.99428,0.49
0.051,0.99834,0.54
0.033,0.98918,0.37
0.051,0.99834,0.54
0.048,0.99428,0.49
0.031,0.99241,0.4
0.031,0.99241,0.4
0.024,0.98816,0.34
0.035,0.98916,0.37
0.045,0.99329,0.54
0.039,0.99535,0.43
0.04,0.99552,0.65
0.049,0.99514,0.48
0.048,0.99304,0.45
0.035,0.98916,0.37
0.051,0.9984,0.43
0.051,0.99911,0.5
0.051,0.99911,0.5
0.051,0.99911,0.5
0.045,0.98952,0.48
0.041,0.99403,0.5
0.051,0.9984,0.43
0.044,0.99312,0.56
0.038,0.98968,0.47
0.031,0.98946,0.35
0.053,0.9981,0.49
0.053,0.9981,0.49
0.051,0.99306,0.52
0.054,0.99378,0.48
0.051,0.99036,0.57
0.042,0.99094,0.63
0.042,0.9908,0.49
0.039,0.9899,0.47
0.039,0.99173,0.65
0.271,0.99356,0.63
0.049,0.99571,0.45
0.036,0.98945,0.58
0.034,0.98865,0.52
0.05,0.99514,0.5
0.05,0.99514,0.5
0.053,0.9943,0.46
0.12,0.99636,0.35
0.05,0.99514,0.5
0.037,0.98987,0.37
0.058,0.99288,0.58
0.053,0.9943,0.46
0.033,0.99064,0.65
0.05,0.99394,0.4
0.045,0.99175,0.52
0.03,0.98926,0.4
0.03,0.98926,0.4
0.033,0.99057,0.44
0.038,0.98898,0.7
0.032,0.9932,0.66
0.043,0.9972,0.55
0.046,0.9902,0.39
0.053,0.9988,0.64
0.046,0.9902,0.39
0.212,0.9958,0.4
0.052,0.9935,0.54
0.053,0.9925,0.45
0.053,0.992,0.55
0.055,0.9986,0.54
0.05,0.9914,0.51
0.041,0.9909,0.72
0.051,0.9943,0.42
0.051,0.994,0.52
0.044,0.9904,0.69
0.036,0.99,0.51
0.034,0.9902,0.38
0.061,0.9925,0.55
0.047,0.9886,0.56
0.034,0.9898,0.4
0.034,0.9898,0.4
0.044,0.9904,0.42
0.051,0.9964,0.5
0.039,0.9908,0.59
0.036,0.9899,0.48
0.049,0.993,0.38
0.049,0.9944,0.36
0.058,0.9956,0.42
0.052,0.9949,0.46
0.048,0.9929,0.51
0.049,0.9944,0.36
0.048,0.9975,0.37
0.049,0.995,0.38
0.058,0.9956,0.42
0.058,0.9946,0.38
0.049,0.993,0.38
0.068,0.9934,0.38
0.047,0.9984,0.45
0.049,0.9984,0.45
0.049,0.9984,0.45
0.056,0.9908,0.33
0.049,0.9963,0.35
0.04,0.98914,0.3
0.047,0.9984,0.45
0.049,0.9984,0.45
0.049,0.9937,0.52
0.032,0.993,0.39
0.026,0.9956,0.35
0.026,0.98963,0.58
0.025,0.98961,0.37
0.037,0.9948,0.54
0.037,0.9948,0.54
0.026,0.98963,0.58
0.021,0.989315,0.31
0.033,0.989435,0.61
0.022,0.9899,0.35
0.047,0.998275,0.6
0.037,0.9948,0.54
0.047,0.9914,0.46
0.048,0.9915,0.47
0.027,0.9924,0.73
0.026,0.98963,0.58
0.025,0.98961,0.37
0.094,0.997,0.44
0.028,0.9914,0.72
0.042,0.997,0.59
0.033,0.9944,0.59
0.04,0.9958,0.54
0.022,0.98889,0.54
0.035,0.989465,0.48
0.028,0.9954,0.42
0.03,0.9947,0.34
0.036,0.9912,0.48
0.039,0.9965,0.55
0.03,0.9948,0.49
0.039,0.9965,0.55
0.055,0.9925,0.44
0.05,0.9936,0.55
0.029,0.9898,0.4
0.027,0.98948,0.38
0.024,0.98823,0.46
0.026,0.9896,0.4
0.03,0.9908,0.56
0.034,0.9906,0.59
0.036,0.9904,0.38
0.05,0.99754,0.49
0.042,0.9898,0.64
0.045,0.998365,0.69
0.047,0.99837,0.66
0.038,0.99125,0.43
0.048,0.9943,1.01
0.05,0.99488,0.49
0.042,0.99034,0.54
0.03,0.99322,0.64
0.029,0.98895,0.36
0.035,0.99457,0.36
0.05,0.99304,0.58
0.029,0.98895,0.36
0.041,0.99331,0.49
0.042,0.99435,0.55
0.036,0.99122,0.46
0.053,0.99544,0.56
0.035,0.989,0.47
0.037,0.99414,0.42
0.069,0.99014,0.59
0.033,0.99551,0.5
0.053,0.99544,0.56
0.027,0.9908,0.39
0.043,0.9927,0.47
0.03,0.99244,0.54
0.044,0.99752,0.43
0.032,0.99114,0.4
0.037,0.99326,0.37
0.036,0.9906,0.59
0.04,0.993,0.58
0.033,0.99479,0.39
0.032,0.98942,0.69
0.032,0.99036,0.4
0.03,0.99201,0.48
0.034,0.99184,0.48
0.041,0.99441,0.49
0.04,0.99442,0.48
0.094,0.99474,0.49
0.032,0.9916,0.47
0.039,0.99198,0.62
0.036,0.98949,0.77
0.032,0.9916,0.47
0.06,0.99556,0.48
0.038,0.99151,0.42
0.047,0.99158,0.52
0.036,0.9902,0.55
0.038,0.99204,0.73
0.032,0.98988,0.52
0.034,0.99344,0.48
0.034,0.99394,0.49
0.041,0.99153,0.5
0.041,0.99153,0.5
0.041,0.98981,0.45
0.041,0.99524,0.53
0.041,0.99221,0.58
0.034,0.99394,0.49
0.043,0.99318,0.64
0.038,0.99366,0.59
0.033,0.99494,0.49
0.048,0.99212,0.57
0.036,0.99018,0.64
0.048,0.99212,0.57
0.049,0.99596,0.54
0.036,0.99018,0.64
0.035,0.99094,0.63
0.03,0.98968,0.43
0.043,0.99392,0.5
0.035,0.99024,0.47
0.034,0.98774,0.32
0.037,0.99094,0.55
0.042,0.99044,0.48
0.117,0.9938,0.57
0.042,0.99432,0.44
0.042,0.99432,0.44
0.033,0.98966,0.58
0.051,0.99309,0.5
0.035,0.98868,0.47
0.048,0.9937,0.59
0.048,0.9937,0.59
0.048,0.9937,0.59
0.048,0.9937,0.59
0.036,0.98975,0.47
0.04,0.98984,0.48
0.027,0.99063,0.63
0.048,0.99168,0.47
0.028,0.99272,0.41
0.036,0.99362,0.58
0.034,0.99365,0.58
0.028,0.99272,0.41
0.057,0.99642,0.44
0.034,0.99365,0.58
0.036,0.99362,0.58
0.049,0.99134,0.44
0.035,0.99732,0.54
0.036,0.99212,0.46
0.036,0.99212,0.46
0.028,0.99161,0.51
0.034,0.9912,0.58
0.04,0.99332,0.62
0.045,0.99636,0.52
0.028,0.99161,0.51
0.035,0.99732,0.54
0.036,0.99212,0.46
0.058,0.99271,0.39
0.025,0.98845,0.33
0.027,0.9899,0.31
0.041,0.99004,0.37
0.036,0.99097,0.44
0.062,0.9966,0.49
0.058,0.99271,0.39
0.035,0.99666,0.36
0.035,0.99666,0.36
0.035,0.99666,0.36
0.035,0.99666,0.36
0.043,0.99954,0.52
0.053,0.99414,0.54
0.035,0.99666,0.36
0.043,0.99954,0.52
0.032,0.99188,0.65
0.03,0.98926,0.96
0.032,0.99188,0.65
0.173,0.99334,0.46
0.041,0.99659,0.56
0.041,0.99659,0.56
0.044,0.9948,0.38
0.044,0.9948,0.38
0.037,0.99074,0.42
0.053,0.9955,0.51
0.053,0.99474,0.37
0.031,0.98966,0.3
0.051,0.99564,0.38
0.034,0.99246,0.57
0.033,0.98984,0.5
0.03,0.99031,0.43
0.051,0.99564,0.38
0.053,0.99474,0.37
0.04,0.99216,0.47
0.031,0.98966,0.3
0.034,0.99512,0.31
0.033,0.9909,0.59
0.074,0.99132,0.4
0.043,0.99378,0.48
0.034,0.99512,0.31
0.044,0.99044,0.56
0.036,0.99521,0.52
0.053,0.99489,0.5
0.05,0.99495,0.46
0.036,0.99521,0.52
0.038,0.9954,0.65
0.035,0.99121,0.74
0.053,0.99489,0.5
0.035,0.99478,0.4
0.05,0.99346,0.47
0.048,0.99331,0.49
0.031,0.99321,0.46
0.031,0.99321,0.46
0.03,0.99218,0.44
0.026,0.9898,0.44
0.042,0.99144,0.54
0.042,0.99143,0.54
0.031,0.99234,0.26
0.029,0.98972,0.66
0.026,0.9898,0.44
0.05,0.99308,0.49
0.034,0.99218,0.46
0.035,0.99215,0.46
0.032,0.99185,0.44
0.043,0.99438,0.57
0.047,0.99314,0.64
0.043,0.99542,0.46
0.029,0.99428,0.49
0.05,0.99943,0.61
0.051,0.99946,0.62
0.032,0.99185,0.44
0.033,0.99472,0.62
0.035,0.9891,0.64
0.032,0.99076,0.77
0.043,0.99632,0.5
0.027,0.99,0.48
0.035,0.98872,0.47
0.035,0.98872,0.47
0.04,0.99102,0.53
0.052,0.99388,0.37
0.052,0.99388,0.37
0.035,0.99602,0.38
0.037,0.99057,0.42
0.031,0.99072,0.58
0.046,0.99224,0.41
0.038,0.98942,0.48
0.055,0.99171,0.5
0.052,0.99352,0.42
0.047,0.99705,0.5
0.047,0.99705,0.5
0.047,0.99705,0.5
0.047,0.99705,0.5
0.057,0.99654,0.51
0.048,0.98953,0.37
0.045,0.99132,0.46
0.076,0.99204,0.47
0.076,0.99185,0.45
0.034,0.98952,0.56
0.031,0.99704,0.4
0.037,0.99032,0.4
0.042,0.99382,0.48
0.043,0.99382,0.48
0.045,0.9974,0.53
0.045,0.9974,0.53
0.045,0.99546,0.59
0.038,0.99088,0.36
0.03,0.98904,0.36
0.03,0.989,0.36
0.045,0.99546,0.59
0.037,0.98758,0.39
0.036,0.9901,0.38
0.045,0.9974,0.53
0.036,0.98981,0.92
0.175,0.9952,0.5
0.174,0.99519,0.49
0.035,0.99142,0.55
0.035,0.99142,0.55
0.043,0.9897,0.5
0.042,0.99684,0.43
0.047,0.99445,0.42
0.039,0.99051,0.45
0.035,0.99142,0.55
0.037,0.98986,0.33
0.038,0.99189,0.53
0.033,0.98934,0.35
0.034,0.99449,0.41
0.051,0.99566,0.62
0.039,0.99252,0.57
0.053,0.9959,0.5
0.053,0.9924,0.62
0.054,0.99482,0.52
0.075,0.99103,0.62
0.027,0.98946,0.43
0.127,0.99212,0.45
0.026,0.99052,0.67
0.041,0.99026,0.94
0.032,0.99516,0.43
0.031,0.99128,0.63
0.021,0.9891,0.95
0.026,0.99052,0.67
0.127,0.99212,0.45
0.043,0.99176,0.45
0.036,0.99162,0.45
0.054,0.99193,0.46
0.042,0.9967,0.47
0.046,0.99462,0.57
0.046,0.99462,0.57
0.036,0.99058,0.76
0.042,0.9967,0.47
0.032,0.99258,0.43
0.062,0.99138,0.35
0.058,0.99271,0.43
0.057,0.9917,0.36
0.031,0.99126,0.58
0.033,0.98986,0.56
0.035,0.99154,0.56
0.096,0.99642,0.49
0.031,0.99154,0.42
0.038,0.99313,0.51
0.038,0.99125,0.4
0.029,0.99318,0.35
0.05,0.99099,0.62
0.043,0.99004,0.36
0.046,0.99093,0.4
0.044,0.98924,0.34
0.136,0.99336,0.6
0.048,0.98944,0.46
0.038,0.99022,0.4
0.048,0.99146,0.56
0.055,0.99488,0.48
0.048,0.99146,0.56
0.055,0.99488,0.48
0.044,0.99176,0.73
0.047,0.99001,0.62
0.041,0.99005,0.59
0.058,0.99755,0.46
0.058,0.99755,0.46
0.043,0.99444,0.42
0.055,0.99502,0.45
0.045,0.99222,0.37
0.046,0.99224,0.38
0.027,0.99067,0.56
0.052,0.99069,0.47
0.036,0.98936,0.5
0.066,0.99266,0.47
0.046,0.98822,0.46
0.048,0.99138,0.55
0.031,0.98854,0.38
0.046,0.99324,0.64
0.032,0.99626,0.51
0.021,0.99188,0.36
0.015,0.9897,0.55
0.032,0.99622,0.6
0.03,0.99044,0.52
0.048,0.99282,0.49
0.035,0.99245,0.41
0.038,0.99132,0.59
0.032,0.99286,0.36
0.035,0.99234,0.35
0.046,0.99494,0.5
0.046,0.99494,0.5
0.03,0.9954,0.5
0.037,0.99184,0.38
0.035,0.98964,0.35
0.048,0.99492,0.5
0.046,0.99494,0.5
0.028,0.99168,1.08
0.023,0.98928,0.79
0.052,0.9933,0.54
0.03,0.9954,0.5
0.036,0.98938,0.44
0.038,0.99074,0.46
0.032,0.99298,0.54
0.039,0.99114,0.5
0.047,0.9949,0.46
0.041,0.99254,0.46
0.022,0.98869,0.38
0.02,0.98941,0.32
